name,category,country,city,genre,stream_url,logo_url,source_url,language,countrycode,stationuuid
"Antena 1 São Paulo, SP (ZYD823 94,7 MHz FM) [aac]",Brasil • Português • Pop,Brazil,São Paulo,"adult contemporary,jazz,pop,smooth jazz",http://antena1.newradio.it/stream?ext=.mp3,,http://antena1.com.br/,Português,BR,963fa65f-0601-11e8-ae97-52543be04c81
Rádio Mix 106.3 FM,Brasil • Português • Pop,Brazil,Sao Paulo,"chr,pop-rock,youth",https://playerservices.streamtheworld.com/api/livestream-redirect/MIXFM_SAOPAULOAAC.aac,https://img.radios.com.br/radio/lg/radio13955_1720711597.png,https://aovivo.radiomixfm.com.br/,Português,BR,901c92bd-a757-449a-b8ce-652b079fd38a
Rádio Saudade FM 99.7,Brasil • Português • Pop,Brazil,"Santos, Sao Paulo (Brazil)","adult,classic hits,flashback",https://playerservices.streamtheworld.com/api/livestream-redirect/SAUDADE_FMAAC.aac,https://img.radios.com.br/radio/lg/radio8_1626274312.png,https://www.saudadefm.com.br/,Português,BR,5dcbb03d-423a-4f97-8af5-b95981094c69
Antena 1 FM 94.7 São Paulo,Brasil • Português • Pop,Brazil,São Paulo,"adult contemporary,lite",http://antena1.newradio.it/stream,https://www.antena1.com.br/apple-touch-icon.png,https://www.antena1.com.br/,Português,BR,531fced7-b22b-11e8-afe1-52543be04c81
Rádio Band FM 96.1 FM,Brasil • Português • Pop,Brazil,Sao Paulo,pop,https://playerservices.streamtheworld.com/api/livestream-redirect/BANDFM_SPAAC,https://img.radios.com.br/radio/lg/radio10358_1526480428.jpg,https://www.band.uol.com.br/band-fm,Português,BR,c8cfc213-6a39-4b45-b925-3c6acb3f8b68
Radio Jovem Pan 99.1 FM Belo Horizonte,Brasil • Português • Pop,Brazil,Minas Gerais,"90s,pop,rock",https://8062.brasilstream.com.br//stream?origem=jovem_pan_site,https://s.jpimg.com.br/wp-content/themes/jovempan/assets/build/images/favicons/favicon-32x32.png,https://jovempan.com.br/afiliada/bh-fm,Português,BR,2eb41659-1b7c-43e5-9b98-36634086a73c
Antena 1 FM 103.7 Rio de Janeiro,Brasil • Português • Pop,Brazil,Rio de Janeiro,"adult contemporary,lite",http://a1rj.streams.com.br:7801/stream,,https://www.antena1rio.com.br/,Português,BR,4534dd5f-b22a-11e8-afe1-52543be04c81
Rádio Transamérica Hits (Barreiras),Brasil • Português • Pop,Brazil,Barreiras,brazilian pop,http://servidor39.brlogic.com:8146/live,,http://www.radiotransamerica.com.br/hits/barreiras,Português,BR,963361ca-0601-11e8-ae97-52543be04c81
Rádio Cidade - Rio de Janeiro - 102.9 FM - ZYD462,Brasil • Português • Pop,Brazil,Rio de Janeiro,"brazilian rock,classic rock,hot adult contemporary,soft rock",https://playerservices.streamtheworld.com/api/livestream-redirect/RADIOCIDADEAAC.aac,,https://radiocidade.fm/,Português,BR,06da0d92-28c2-11e9-a80b-52543be04c81
Jovem Pan FM - Florianópolis - SC,Brasil • Português • Pop,Brazil,Santa Catarina,"chr,contemporary hits radio,dance,electronic dance music,jovem,jovem pan,pop,pop rock,top 40",https://live.paineldj.com.br/proxy/jfloripa?mp=/stream,https://jpimg.com.br/uploads/2024/02/avatar-florianopolis-rgb-500x500.png,https://jovempan.com.br/afiliada/floripa-fm,Português,BR,bf64595a-eed4-49de-94e5-87c1bb813a74
Rádio Studio Flashback,Brasil • Português • Pop,Brazil,Minas Gerais,"00's,00s,2000's,2000s,70's,70s,80's,80s,90's,90s,adult contemporary,adult hits,classic hits,classic rock,classics,flash back,flashback,love songs,new classics,oldies,pop,romantic",https://stream-163.zeno.fm/6gv76f1xruquv?zs=SvdWy-tsTtCXPZ9IZC0ASA,https://pbs.twimg.com/media/GE7jNgZWQAEcxNb?format=png&name=240x240,https://studioflashback.com.br/,Português,BR,c064c241-a2c2-4dd9-b889-b292535397fe
Rádio Cidade Maracaju 104.3 FM,Brasil • Português • Pop,Brazil,Mato Grosso do Sul,"chamame,ecletic,hits,sertanejo,sertanejo raiz",https://servidor33-5.brlogic.com:7078/live,https://public-rf-upload.minhawebradio.net/250444/logo/c9f6c0e472e2023c1d2cf8744f78a973.png,https://radiocidademaracaju.com.br/,Português,BR,35ac4203-2b03-4b57-93d6-3aeb5701d78f
"Antena 1 Rio de Janeiro, RJ (ZYD 463, 103,7 MHz FM)",Brasil • Português • Pop,Brazil,Rio de Janeiro,"adult contemporary,brazilian music,jazz,pop,smooth jazz",http://a1rj.streams.com.br:7801/sm,,http://www.antena1rio.com.br/,Português,BR,e7599368-1801-11e8-ae97-52543be04c81
"Mix Rio 102.1 Rio de Janeiro, RJ",Brasil • Português • Pop,Brazil,Rio de Janeiro,"brazilian pop,rio de janeiro,top 40",http://26563.live.streamtheworld.com:3690/MIXRIOAAC_SC,,http://mixriofm.uol.com.br/,Português,BR,96487106-0601-11e8-ae97-52543be04c81
"BH FM 102,1 MHz ZYC690 (Belo Horizonte - MG)",Brasil • Português • Pop,Brazil,Minas Gerais,"funk,internacional,nacional,pagode,pop,samba,sertanejo",https://playerservices.streamtheworld.com/api/livestream-redirect/BHFMAAC.aac,https://i.postimg.cc/ncT9hqH6/04008003142.png,https://bhfm.globo.com/,Português,BR,3998f9ae-ed80-4319-8109-0acb29efb256
"R.VALE VERDE FM 96,66",Brasil • Português • Pop,Brazil,,pop,https://ice.fabricahost.com.br/valeverdefm,https://valeverdefm.com.br/img/b1477f6674fb80a945ea178ecb46e51c.png,https://www.valeverdefm.com.br/,Português,BR,78b66dbe-5b3d-4966-8844-02a2eee24faf
Rede Grauna FM,Brasil • Português • Pop,Brazil,Bahia,"brasil,local news,mpb,música popular brasileira,pop rock,various",https://centova11.ipstm.net:20032/stream,,https://www.graunafm.com.br/,Português,BR,0f2ee084-9a81-40aa-a5a5-086fb2369c73
Clube FM 99.1,Brasil • Português • Pop,Brazil,Brasília,"hits,pop,popular",https://radio.saopaulo01.com.br:10913/stream,,http://www.clubepe.fm/,Português,BR,31d064a7-5452-4f7d-8d78-1f5784778f20
Radio AnimeNight,Brasil • Português • Pop,Brazil,,"90s,anime,j-pop,japanese,japanese anime soundtracks game jpop vgm ost,japanese music,jpop,pop,rock",https://stm16.voxhd.com.br:10374/app128,https://www.animenight.com.br/logo.png,https://www.animenight.com.br/,Português,BR,8f19d10d-5b9f-4120-964c-eebbb3745921
Rádio Globo 98.1 FM,Brasil • Português • Pop,Brazil,Rio de Janeiro,"discussions,interviews,popular,sports",https://24493.live.streamtheworld.com:443/RADIO_GLOBO_RJAAC.aac?dist=radioscombr,https://img.radios.com.br/radio/lg/radio8817_1676300226.png,https://radioglobo.globo.com/,Português,BR,1eaf6810-41de-4a43-827b-dcf8070748e5
"Massa FM 101,1 (Ponta Grossa - PR)",Brasil • Português • Pop,Brazil,PR,"pop music,pop rock,sertanejo,sertanejo raiz",https://live.virtualcast.com.br/massapontagrossa,https://tudoradio.com/img/uploads/radios/radio_massafmpontagrossa.png,https://massa.com.br/massa-fm-ponta-grossa/,Português,BR,45b2f3d4-b188-42ae-bb8c-d57e95d652ce
Rádio Dance Music Anos 2000,Brasil • Português • Pop,Brazil,Sao Paulo (Brazil),"00s,dance,edm,electronic,techno,trance",https://cloud1.cdnseguro.com:2190/;,https://gerador.cdnseguro.com/uploads/a47db5e2840d0a3d0a6280c0356bf1e2-1613775519.jpg,https://www.dancemusic2000.com/,Português,BR,55594c6e-bd3d-42ac-ab88-edc155ba303f
Rádio Hits 87.9 FM,Brasil • Português • Pop,Brazil,MG,community radio,https://stm24.srvaudio.com.br:10082/stream?1771863883280,https://img.radios.com.br/radio/lg/radio68243_1524591330.png,http://www.hitsfmbetim.com.br/,Português,BR,f0ecd1c1-2e07-43dd-82a5-5091822b079d
"Radio Ilha FM 107,1",Brasil • Português • Pop,Brazil,,pop,https://casthttps.suaradionanet.net/13325/stream,,https://www.ilhafm.com.br/,Português,BR,0c573ee6-c784-46c6-a9e2-474456134355
"Jovem pan 100,9 FM feira de Santana",Brasil • Português • Pop,Brazil,Bahia,"jovem,pop rock",https://8046.brasilstream.com.br/stream,https://www.radios.com.br/aovivo/radio-jovem-pan-1009-fm/13358,https://jovempan.com.br/afiliada/feiradesantana-fm,Português,BR,cfcd4939-2052-45fc-b2a2-54680decef18
ADORA MIX,Brasil • Português • Pop,Brazil,Minas Gerais,"gospel,hits,notícias",https://stream-178.zeno.fm/dapc6eho8szuv?zt=eyJhbGciOiJIUzI1NiJ9.eyJzdHJlYW0iOiJkYXBjNmVobzhzenV2IiwiaG9zdCI6InN0cmVhbS0xNzguemVuby5mbSIsInRtIjpmYWxzZSwicnR0bCI6NSwianRpIjoiUWREZVNoeUhRTWl4ZUwydUd5X0xLQSIsImlhdCI6MTc4MDYyNjk2NSwiZXhwIjoxNzgwNjI3MDI1fQ.IZrf69ouCVyW_XkZSYPzTtku0ldpslp1VOwDWrV0pJQ,https://stream.zeno.fm/dapc6eho8szuv,https://stream.zeno.fm/dapc6eho8szuv,Português,BR,90801be6-b2c0-434f-aab0-8c160d714d90
Radio Animu [MP3 320Kbps],Brasil • Português • Pop,Brazil,,"anime,anime openings,japanese anime soundtracks game jpop vgm ost,song requests",https://stream.animu.moe/320,https://animu.moe/favicon.ico,https://animu.moe/,Português,BR,a72e7bd3-72a5-462f-8bcd-edeeb60fb063
101.9 Radio Educativa - Campinas,Brasil • Português • Pop,Brazil,SP,pop & samba - antigas,http://streaming.ima.sp.gov.br:8000/educativa.mp3,,http://www.educativa.fm.br/,Português,BR,085fb651-592e-426f-8fd7-cbc968d2d08c
Alpha FM 90.1 Curitiba p PR,Brasil • Português • Pop,Brazil,Paraná(Brazil),adult contemporary,https://radio901.webnimbus.cloud/radioalpha/icecast.audio,,https://radioalphacuritiba.com.br/,Português,BR,d4e2ea20-500a-4f8f-a1cc-c7b53698df18
MGT LOVE HITS,Brasil • Português • Pop,Brazil,Brasil,"hits,love,love hits,mgt",https://cast.mgtradio.net/radio/8010/aac,https://www.mgtradio.net/images/ouvir-radio-online.png,https://www.mgtradio.net/,Português,BR,360ca421-3424-43a5-ae9e-9a239f6db472
Rádio Itapoá Fácil,Brasil • Português • Pop,Brazil,,"brazilian music,comedy music,folk,folk brasileiro,forró,gaúcha,itapoá,mpb,música animada,música autoral,música brasileira,música divertida,música gaúcha,música humorística,música independente,música popular,música regional,novelty music,paródia,pop brasileiro,regional brazilia,santa catarina,sertanejo,vaneira,vanerão,xote",https://cast5.hoost.com.br:8175/stream,http://itapoafacil.com.br/radio/favicon.png,https://itapoafacil.com.br/radio/,Português,BR,c95bc569-16c4-477f-b8d2-672e4dc543e4
97 FM Natal,Brasil • Português • Pop,Brazil,Rio Grande do Norte,"arrocha,forró,forró e sertanejo,pisadinha,pop,sertanejo,vaquejada",https://azevedo.jmvstream.com/stream,,https://97fmnatal.com.br/,Português,BR,d0eddde0-9105-4af6-a61b-9679ed8ba96d
Rádio Metropolitana 98.5 FM Pop,Brasil • Português • Pop,Brazil,São Paulo,Pop,https://ice.fabricahost.com.br/metrosppop,https://metropolitanafm.com.br/wp-content/themes/metro/assets/imgs/favicon/favicon-96x96-2.png,https://metropolitanafm.com.br/,Português,BR,644f8c79-4b7f-4c22-9f5f-4152525d4e30
GFM Salvador Bahia FM 90.1,Brasil • Português • Pop,Brazil,Bahia,"adult contemporary,brazilian music,classic hits",https://ice.fabricahost.com.br/radiogfm,https://cdn-profiles.tunein.com/s5998/images/logod.png,https://mytuner-radio.com/pt/radio/gfm-salvador-402269/,Português,BR,2c3bf58f-fd12-4e93-bcde-4d7f1899faf1
Conecta FM - Campinas,Brasil • Português • Pop,Brazil,,pop music,https://paineldj6.com.br:20175/stream,https://static.tudoradio.com/ins/w:120/plain/https://tudoradio.com/img/uploads/radios/652af48300568.pn,https://fmconecta.com.br/,Português,BR,a29e978a-de77-43ca-a551-6f7f92d9d52e
Rádio Cidade,Brasil • Português • Pop,Brazil,Rio de Janeiro,"brazilian music,contemporary,pop,rock",http://playerservices.streamtheworld.com/api/livestream-redirect/RADIOCIDADEAAC.aac,https://radiocidade.fm/favicon.ico,https://radiocidade.fm/,Português,BR,9ab23180-17de-11e8-ae97-52543be04c81
Super Hits 94,Brasil • Português • Pop,Brazil,,Pop,https://s03.svrdedicado.org:6858/stream,,https://player.svrdedicado.org/one-page/6858,Português,BR,66ca6d0b-6a6a-4e79-a327-b21f9684e87c
96 FM Maceió,Brasil • Português • Pop,Brazil,Alagoas,"eclética,hits,popular",https://streaming.livespanel.com:20096/radio96fm,https://www.radios.com.br/aovivo/radio-96-maceio-fm/18335,https://96noticias.com.br/,Português,BR,3533ed9c-d371-4202-91a5-ab77aa600492
"Jovem pan 100,7 FM Maceió",Brasil • Português • Pop,Brazil,Alagoas,"jovem,top 40",https://directradios.net/proxy/jpmaceio?mp=/stream,https://www.radios.com.br/aovivo/radio-jovem-pan-1007-fm/18359,https://jovempan.com.br/afiliada/maceio-fm,Português,BR,d27508c7-9b6b-4eba-812a-09a94143f68a
100e7,Brasil • Português • Pop,Brazil,Rio Grande do Sul,pop,https://radio.saopaulo01.com.br:10919/live,https://100e7.com.br/images/favicon.png,https://100e7.com.br/,Português,BR,b0a0928e-8c32-4cab-9ba0-384e7f27c6fc
"LEMIXX - BEST FUNK & GROOVE CLASSICS & RARE DISCO, R&B, 80s OLD SCHOOL DANCE",Brasil • Português • Pop,Brazil,,"funk,groove,old school dance,rare disco",http://centova6.ciclanohost.com.br:9428/stream2,https://www.facebook.com/photo/?fbid=212694897771018&set=a.212694874437687,https://www.facebook.com/people/-LEMIXX-Best-Funk-Groove-Radio-/100070915262093/,Português,BR,338e0d0b-fdd5-46d4-b6ac-19913fb28ac5
Rádio Colméia 98.7 FM,Brasil • Português • Pop,Brazil,MG,"católica,popular",https://stm04.virtualcast.com.br:8024/colmeiamaringa?1771884660703,,http://www.colmeiafm.com.br/,Português,BR,2cb027f5-0a85-47fe-924f-d67e5d06ac97
Rádio Arapuan 98.9 FM,Brasil • Português • Pop,Brazil,Paraiba,"eclética,hits",https://streaming.engelhosting.com.br:10036/stream,https://www.arapuanfm.com.br/2023/images/site/logo.png,https://www.arapuanfm.com.br/2023/,Português,BR,823e517b-82e0-447c-a8ca-2f6454e9d852
Rádio Disney 91.3 FM,Brasil • Português • Pop,Brazil,Sao Paulo (Brazil),"jovem,pop rock,sertanejo",https://playerservices.streamtheworld.com/api/livestream-redirect/DISNEY_BRA_SP.mp3,https://images.app.goo.gl/fNFY7gv7C3w9dwtWA,http://www.disney.com.br/radio/,Português,BR,b30a4855-02c0-4fbf-95db-fde57d0fc06a
Rádio Sociedade News FM 102.1 Feira de Santana,Brasil • Português • Pop,Brazil,Bahia,"news,pop",https://stream.zenolive.com/t799cry0yv8uv,https://cdn.onlineradiobox.com/img/l/1/43031.v6.png,http://sociedadenewsfm.com.br/,Português,BR,92d364fc-2bbe-48af-b0a5-847af1b0a1ec
RADIO520,Brasil • Português • Pop,Brazil,,"classic rock,country pop,dance music,pop rock,sports news",https://stm7.xcast.com.br:9182/index,,https://www.radio520.com.br/,Português,BR,68fcf01b-98ad-4fc4-8deb-be5c4a341f40
BailãoHits,Brasil • Português • Pop,Brazil,Sao Paulo (Brazil),Pop,https://jpradios.com.br/stream/bailaohits,,https://jpradios.com.br/public/bailaohits,Português,BR,89872966-301c-4d2f-8e2a-5d5935fddc7e
Jovem Pan Florianópolis,Brasil • Português • Pop,Brazil,Santa Catarina,"hits,international,local music,music,world music",http://wz5.dnip.com.br/jfloripa/jfloripa.stream/chunklist_w2047482307.m3u8,,http://panfloripa.com.br/,Português,BR,d7b33eb9-6692-402e-8abb-85105b57030e
Rádio FM O Dia 99.7 FM,Brasil • Português • Pop,Brazil,Rio de Janeiro,"popular,samba pagode",https://wz7.servidoresbrasil.com:8274/stream,https://img.radios.com.br/radio/lg/radio229211_1706128532.jpeg,https://macae.fmodia.com.br/,Português,BR,4317dca3-9e67-4226-82a8-8f650ba50219
Pool FM,Brasil • Português • Pop,Brazil,,"1970s,1980s,70s,70s dance,70s disco,80s,80s dance,80s disco,dance,funk,pool beach bar,poolside,rare groove",https://radios.poolwebwork.com.br/8010/stream,https://www.poolfm.com.br/wp-content/uploads/2017/01/pool-fm_600x600.png,https://www.poolfm.com.br/,Português,BR,3b097aaa-6f7b-44bf-b9d4-17990a5603a7
107 FM Tatuí,Brasil • Português • Pop,Brazil,Sao Paulo,"local news,news,noticias,pop,rock",https://f108.fabricahost.com.br/107fm?f=1768440014N01KEZKTA1M1TPDQW0KTF63Z481&tid=01KEZKTA1MJQM48EZ7NP81GYVW,"https://static.wixstatic.com/media/37804f_ed9032a0826e40efa33fefcbf9fb882b~mv2.png/v1/fill/w_141,h_237,al_c,q_85,usm_0.66_1.00_0.01,enc_auto/logo.png",https://www.107fm.net/,Português,BR,4dbf247c-52c0-44e8-bf5f-f9803f401fbd
ELEKTRA RADIO,Brasil • Português • Pop,Brazil,Rio de Janeiro,"'synthpop',breaks,electro,freestyle,indie rock,miami bass,new retro wave",https://cast3.hoost.com.br:8952/stream,https://www.elektraradio.com/files/2026/01/logo_elektra_raio_03_mini-1.png,https://www.elektraradio.com/,Português,BR,6c6187ff-4866-47d0-a340-38967e9dc237
SpaceSex 93.1,Brasil • Português • Pop,Brazil,Espírito Santo,"eletronic,flashback,música pop",https://8846.brasilstream.com.br/stream,https://hfnews.com.br/wp-content/uploads/2026/02/Untitled-1.png,https://hfnews.com.br/spacesex/,Português,BR,31fa0dbf-da4b-4b5b-b5e1-dd4f76723c2f
80 fm dance music,Brasil • Português • Pop,Brazil,São Paulo,Pop,https://servidor26.brlogic.com:7006/live,,https://www.80fmdancemusic.com.br/,Português,BR,76f60a9f-3112-4df3-9b46-5c66baaa4bd7
Nova Onda FM,Brasil • Português • Pop,Brazil,São Paulo,"music,oldies,pop music,pop rock",https://ice.fabricahost.com.br/novaondafm,https://novaondafm.com.br/wp-content/uploads/2023/04/Nova-Onda-logo-colorido-300x169.png,https://novaondafm.com.br/,Português,BR,3f77f2e9-4ea5-4e15-a146-cf90ed50a42f
Jovem Pan FM - Brasília - DF - 106.3,Brasil • Português • Pop,Brazil,Distrito Federal,"contemporary hits radio,jovem,jovem pan,pop,pop rock,top 40",https://shout25.crossradio.com.br:18022/1,https://jpimg.com.br/uploads/2022/12/afiliadas-brasilia-106.3-500x500.jpg,https://jovempan.com.br/afiliada/brasilia-fm,Português,BR,77c0088f-9ae7-4bd3-a1de-edfc17f5ce86
MGT DANCE HITS,Brasil • Português • Pop,Brazil,Brasil,dance hits,https://cast.mgtradio.net/radio/8080/aac,,https://www.mgtradio.net/,Português,BR,41d2ec6f-0179-410f-a508-cf414a1b8946
EldoPop FM,Brasil • Português • Pop,Brazil,Rio de Janeiro,"hard rock,progressive rock",http://stm10.srvstm.com:34794/stream,http://eldopopfm.com/admin/assets/img/favicon.jpg,http://eldopopfm.com/,Português,BR,548d3232-fd53-4942-933b-38e9ddb4bcb3
Rádio Ziggy - MIX (MP3),Brasil • Português • Pop,Brazil,Minas Gerais,"brazilian music,pop",http://stream.zeno.fm/h0bbyx9fzs8uv,https://i.ibb.co/xK4z5ZLr/80505-v11.png,https://ziggywebradio.wixsite.com/radioziggy,Português,BR,605b1ff1-b913-4dc6-8979-a7d2cc8f9012
Rádio Escola de Rádio,Brasil • Português • Pop,Brazil,Rio de Janeiro,"brazilian music,mpb,music school,pop,rio de janeiro,rock",https://radio.escoladeradio.com.br/listen/radio_er/radio.mp3,https://www.escoladeradio.com.br/radio-icon-512.png,https://www.escoladeradio.com.br/radio,Português,BR,26ff6924-856b-489c-970c-c90dd361c8f1
Ipe,Brasil • Português • Pop,Brazil,Brasília,"death metal,doujin,edm,idm,jpop,metal,symphonic metal",http://152.53.178.148:6670/,,https://0x45.pw/,Português,BR,d8b9886e-dcda-4122-9a71-d4e9c5bd7df3
Rádio Hits 106.9 FM,Brasil • Português • Pop,Brazil,RJ,"adulta,flashback,mpb",https://wz7.servidoresbrasil.com:9984/stream?1771864365030,https://img.radios.com.br/radio/lg/radio80135_1691636703.png,https://redehits.fm/,Português,BR,a24e7acf-71f2-478e-8d33-61201a901eea
Rádio CBN Vale 750 AM,Brasil • Português • Pop,Brazil,Sao Paulo,"journalism,popular",https://8018.brasilstream.com.br/stream,https://img.radios.com.br/radio/lg/radio14459_1605727774.png,https://www.cbnvale.com.br/,Português,BR,bbd8df92-6a8d-476b-b611-cf65ae1e5169
Rádio Pirafm,Brasil • Português • Pop,Brazil,,pop,http://stream.zeno.fm/zyvh88ftvxhvv,,https://sites.google.com/view/radio-pirafm/in%C3%ADcio,Português,BR,b3dfb268-c282-4a67-a2e3-8b6f03711d57
Positividade FM,Brasil • Português • Pop,Brazil,Rio de Janeiro,"adult contemporary,música pop,pop",https://27573.live.streamtheworld.com/POSITIVIDADE_FM_SC,https://positividade.fm/wp-content/uploads/2022/04/positividade-fm.png,https://positividade.fm/,Português,BR,ca7d9a61-eb28-49bc-99ba-5a140869919c
"Francês FM 106,1 Maceió",Brasil • Português • Pop,Brazil,Alagoas,"eclética,popular",https://26643.live.streamtheworld.com/FRANCESFM_MACAAC.aac?dist=RadiosNet,https://www.radios.com.br/aovivo/radio-frances-1061-fm/214571,https://francesfm.com/,Português,BR,ef15c12d-fc7a-4559-852c-cdcc997f7b15
"Gazeta FM 94,1 Maceió",Brasil • Português • Pop,Brazil,Alagoas,"eclética,popular",https://www.appradio.app:8061/stream,https://www.radios.com.br/aovivo/radio-gazeta-941-fm/13291,http://www.gazetafmmaceio.com.br/,Português,BR,e7b6a268-2c4e-42c9-8556-f03a9349220e
Ilha do Mel FM,Brasil • Português • Pop,Brazil,Paraná(Brazil),"local news,pop,sports",https://str1.streamhostpg.com.br:8002/stream,https://ilhadomelfm.com.br/wp-content/uploads/2023/05/cropped-icon-ilhadomel-32x32.jpg,https://ilhadomelfm.com.br/,Português,BR,91b43e8e-5a05-45b6-a43e-f2a9b739efea
Rádio Gospel Hits,Brasil • Português • Pop,Brazil,,Pop,https://servidor37.brlogic.com:7068/live,https://public-rf-upload.minhawebradio.net/248007/mobileicon/a279add08d24de644960ffdbfbaa688bx192.png,https://radiogospelhits.com.br/,Português,BR,857ea54d-534c-41c1-b361-a3b016a50664
Radio Nova Brasil,Brasil • Português • Pop,Brazil,,pop,http://r11.ciclano.io:9134/stream,,https://novabrasilfm.com.br/,Português,BR,8dcf2830-5f28-4369-8ddd-6eb41c519386
Jovem Pan FM - Passo Fundo - RS,Brasil • Português • Pop,Brazil,Rio Grande do Sul,"80s,90s,music,pop",https://radio.saopaulo01.com.br:10937/aac,,https://jovempan.com.br/afiliada/passo-fundo-fm,Português,BR,f71c6531-1af4-4886-8ce8-533f7daa90a5
Educadora FM Campinas 91.7,Brasil • Português • Pop,Brazil,Sao Paulo (Brazil),"pop,talk show",https://stm22.xcast.com.br:11282/stream,,https://www.educadorafm.com.br/index.html,Português,BR,24e1cc35-e8bb-4eef-9cf4-56227e8e17e8
Fan FM Aracaju,Brasil • Português • Pop,Brazil,SE,"mpb,pop,rock",http://08.stmip.net:7114/,https://redefanfm.com.br/wp-content/uploads/2023/07/favicon.jpg,https://redefanfm.com.br/,Português,BR,ed0b45a6-bd8f-4a31-8fe2-d13bfe4983d7
Tupancy AM Pelotas,Brasil • Português • Pop,Brazil,Rio Grande do Sul,"esportes futebol,musica popular,notícias",https://casthttps.suaradionanet.net/10024/stream,https://manager.suaradionanet.net/storage/radios/tupanci/site_basic/66d8e4c5684da4.79620513.png,https://radiotupanci.com.br/,Português,BR,d9939788-2129-468d-af64-ac2db3704085
Rádio Liderança FM,Brasil • Português • Pop,Brazil,Fortaleza,"good news | good sound | good life,pop",https://webradio.amsolution.com.br/radio/8320/lideranca,http://radiolideranca.com.br/wp-content/uploads/2017/05/lideranca-350x100.png,https://radiolideranca.com.br/,Português,BR,2d5168a3-7e43-483c-9522-9d0989ddc3a8
Nova Brasil FM 93.5 Aracaju,Brasil • Português • Pop,Brazil,Sergipe,"aracaju,brazilian pop,mpb",http://27393.live.streamtheworld.com/NOVABRASIL_ARACAJUAAC_SC,,http://aracaju.novabrasilfm.com.br/,Português,BR,b8cb31b3-5a4b-11e9-a622-52543be04c81
Rádio Comunitária Aconchego,Brasil • Português • Pop,Brazil,Pernambuco,"autonomia, tecnologica,comunitaria,engenho do meio,livre,popular,recife,roda de fogo,saúde integral,serviço integrado de saúde,sitio das palmeiras,torrões",https://fm.radioaconchego.org,https://radioaconchego.org/files/2015/03/cropped-cropped-5617042203_961643d1a0_o-180x180.jpg,https://radioaconchego.org/,Português,BR,f4e01db7-ffe6-11e9-bbf2-52543be04c81
"Rádio Capital do Papel 101,9 FM",Brasil • Português • Pop,Brazil,PR,"pop music,sertanejo,sertanejo raiz",https://5a57bda70564a.streamlock.net/capitaldopapelpr/capitaldopapelpr.stream/playlist.m3u8,https://www.radiocapitaldopapel.com.br/imagens/logo.png,https://www.radiocapitaldopapel.com.br/,Português,BR,a47805d9-6f2b-494a-b786-ca1b1dee012e
"Jovem pan 107,5 FM Belém",Brasil • Português • Pop,Brazil,Pará,"jovem,pop rock,top 40",https://radio01.zas.media/8038/stream,https://www.radios.com.br/aovivo/radio-jovem-pan-1075-fm/266119,https://jovempan.com.br/afiliada/belem-fm#,Português,BR,e22a9daa-8f48-4950-9c59-bda4356abe86
Rádio Água Azul,Brasil • Português • Pop,Brazil,PA,"cristã,ecletica,gospel,popular",https://stm4.srvif.com:8460/stream,https://blogger.googleusercontent.com/img/b/R29vZ2xl/AVvXsEg8Mf0pTyn0csGWmRnTNBIiN8hFYhkcefiB5wEZrW5AOxC-YJrlDyWRlHo9bZWF8atKWH5q54Hg3VMJkR1xaFvJRxt19DKlchSnbdYhywCsFpqUe5nHHkAkDbjaymm6jmVU-AJ3fp5MbIqVemnbxahRJcsuQHHC15w12UIS8eST2h2RLwuzSj8I-NYftys/s320/grok-image-b75974a7-7f23-42e6-a1d5-61b6e90790d1.png,https://radioaguaazul.com.br/,Português,BR,9779d460-48a5-440b-8adf-aca1aec9b008
MGT BRASIL HITS,Brasil • Português • Pop,Brazil,Brasil,"brasil,hits,mgt,nacionais,sucessos",https://cast.mgtradio.net/radio/8030/aac,https://www.mgtradio.net/favicon.ico,https://www.mgtradio.net/,Português,BR,bfcdd1a3-5e7f-4b26-ac78-3717a48f51f5
"Nova Brasil FM Brasília, DF (ZYC476, 97,5 MHz)",Brasil • Português • Pop,Brazil,Distrito Federal,"brasilia,brazilian music,brazilian pop,mpb",http://27393.live.streamtheworld.com/NOVABRASIL_BSBAAC_SC,http://brasilia.novabrasilfm.com.br/images/apple-touch-icon.png?1725267621,http://brasilia.novabrasilfm.com.br/,Português,BR,964704f6-0601-11e8-ae97-52543be04c81
Jovem Pan FM Campinas - 89.9,Brasil • Português • Pop,Brazil,Sao Paulo (Brazil),"pop,rock",https://paineldj5.com.br:20028/stream,,https://jovempan.com.br/afiliada/campinas-fm,Português,BR,3dcc5ceb-7bb4-4bf4-9270-4a6ee5c18a79
Rádio Ziggy - MPB (MP3),Brasil • Português • Pop,Brazil,Minas Gerais,"brazilian music,pop",http://stream.zeno.fm/g5xt330zkd0uv,https://i.ibb.co/yFSBcW2p/85253-v3.png,https://ziggywebradio.wixsite.com/radioziggy,Português,BR,94050e87-1c05-4eaa-bab4-8744c7260b02
PorDeus.fm,Brasil • Português • Pop,Brazil,Distrito Federal,"antena 1,band,band news,batista,brasil,brazil,brazilian music,cbn,christian,christian praise&worship,church,cnn,crente,cristão,deus,devotion,evangelica,fiel,fox,gospel,gospel eletronica,gospel music,hillsong,igreja,jesus,jovem pan,louvor,nethel,planetshakers,pop gospel,pordeus,pordeus.fm,prayer,reggae gospel,us,worship",https://stream.zenolive.com/92ptm8uua2zuv.aac,,https://pordeus.fm/,Português,BR,4f374f52-6938-4954-a10b-4a70f6048ae9
"Rádio Marabá FM 93,9",Brasil • Português • Pop,Brazil,Mato Grosso do Sul,"chamame,ecletic,hits,sertanejo,sertanejo raiz",https://rvn01.painelstream.net:9274/,https://img.radios.com.br/radio/lg/radio13701_1521823652.png,https://www.marabafm.com.br/,Português,BR,17bf4e43-5f4b-4a8a-a162-e5cf413e4cad
Ouro Verde FM Easy 105.5,Brasil • Português • Pop,Brazil,Parana,"brasil,brazilian music,classic hits,curitiba,ouro verde,paraná,pop,pop rock",https://8522.brasilstream.com.br/stream,https://ouroverdefm.com.br/wp-content/uploads/2022/11/favicon-150x150.png,https://ouroverdefm.com.br/,Português,BR,6116adf7-d0c7-49ca-91d9-c9e5553d250c
"Educativa Inatel - 107,9 FM",Brasil • Português • Pop,Brazil,Minas Gerais,"adult contemporary,classic hits",https://educativainatel.radioca.st/stream,,https://inatel.br/radio/,Português,BR,da1db972-5954-433c-a87b-2a36aca7e346
Rádio Santa Fé do Sul,Brasil • Português • Pop,Brazil,São Paulo,"70 80 hits,90's,adult contemporary,oldies,pop",http://stm12.painelcast.com:7480/,https://img1.wsimg.com/isteam/ip/6f1d2653-b246-41b5-a567-81f3d7deef16/favicon/0a09de53-7d5e-42f3-8d7c-61e5c575a688.png,https://radiosantafedosul.com.br/,Português,BR,d1412c96-dea6-479d-bcdd-c9acda0c9c7f
Rádio Lost,Brasil • Português • Pop,Brazil,Santa Catarina,"pop,reggae,rock",http://srv1.uaihost.audio:7026/,,https://www.radiolost.com.br/,Português,BR,f4b8c669-cfb0-4399-a64d-baa26ebc392d
POP MUSIC l Radio RighRise (Compre sua Radio - Instagram:@jpdofunk.ofc),Brasil • Português • Pop,Brazil,São Paulo (SP),Pop,https://jpdofunk3.com.br:8070/stream,,https://jpdofunk3.com.br/public/server0234,Português,BR,b8aef1cd-4e76-4c99-a143-9e6cef694406
Rádio Rio Preto Internet,Brasil • Português • Pop,Brazil,São Paulo,"70 80 hits,90's,adult contemporary,oldies,pop",http://stm3.painelcast.com:7006/,https://img1.wsimg.com/isteam/ip/6f1d2653-b246-41b5-a567-81f3d7deef16/favicon/0a09de53-7d5e-42f3-8d7c-61e5c575a688.png,https://radioriopreto.com.br/,Português,BR,e2eba979-a5ea-47e1-934d-71436d5f8247
Jovem Pan BH,Brasil • Português • Pop,Brazil,Minas Gerais,"entertainment,music,pop",https://8062.brasilstream.com.br/mp3,https://jpimg.com.br/uploads/2024/02/avatar-belo-horizonte-rgb-500x500.png,https://jovempan.com.br/afiliada/bh-fm,Português,BR,4cb94b99-ff06-4521-b643-a78bf272dbe3
Rádio Gazeta 107.9 FM,Brasil • Português • Pop,Brazil,Rio Grande do Sul,popular,https://hts03.brascast.com:7106/stream,https://minhawebradio.com/contents/27618/cover/xmc7c8d48f71c92a5ccd49551c95eb3301_27618_1767815709.png,http://www.rdgazeta.com.br/,Português,BR,b4442bfc-4f67-47eb-b88b-44a2785cc6df
Rádio Mix 87.9 FM,Brasil • Português • Pop,Brazil,São Paulo,"pop,sertanejo",https://stm12.xcast.com.br:9454/stream,https://www.mix879.com.br/images/200.png,https://www.mix879.com.br/,Português,BR,a06df635-71d2-47a5-8462-5393b7ba070a
97 Rock Web Radio,Brasil • Português • Pop,Brazil,SP,"alternative,rock,rock-pop",http://euroticast5.euroti.com.br:8094/stream?1696889015855,,https://www.97rockwebradio.com/,Português,BR,9eb9764c-6cf0-46f0-9c12-fd4ad013197e
"Novabrasil FM Fortaleza, CE",Brasil • Português • Pop,Brazil,"Fortaleza, Ceará","brasil,brasileira,brazilian,brazilian music,local news,mpb,música popular brasileira,notícias",https://playerservices.streamtheworld.com/api/livestream-redirect/NOVABRASIL_FORAAC.aac,https://novabrasilfm.com.br/app/uploads/2025/03/cropped-favicon-1-180x180.png,https://novabrasilfm.com.br/,Português,BR,17802543-f4c6-4657-a4b0-ad13ff900859
Rádio The Beatles (MP3),Brasil • Português • Pop,Brazil,Goiás,"1960s,1970s,classic rock,oldies,pop,the beatles",http://stream-155.zeno.fm/6gnr5yq68nhvv?zt=eyJhbGciOiJIUzI1NiJ9.eyJzdHJlYW0iOiI2Z25yNXlxNjhuaHZ2IiwiaG9zdCI6InN0cmVhbS0xNTUuemVuby5mbSIsInRtIjpmYWxzZSwicnR0bCI6NSwianRpIjoiajRZamxVVnVScmlXQUdhWGhqTTd6ZyIsImlhdCI6MTc2ODQ0ODYyMywiZXhwIjoxNzY4NDQ4NjgzfQ.k9lfUID-D8ORbPyQsGnUY3MLV94AHq3JCz1UGdoo5uA,https://i.ibb.co/zhyZZTxB/image.webp,https://www.xn--rdiothebeatles-vgb.br/,Português,BR,5dc7a91f-c5b9-49aa-9c49-dd6fe31fb776
Dance Anos 90,Brasil • Português • Pop,Brazil,,"dance,eurodance",https://stream-287.zeno.fm/zx9h2b61u8quv?zt=eyJhbGciOiJIUzI1NiJ9.eyJzdHJlYW0iOiJ6eDloMmI2MXU4cXV2IiwiaG9zdCI6InN0cmVhbS0yODcuemVuby5mbSIsInJ0dGwiOjUsImp0aSI6ImtUTWJsSE92UnBTNmtGRUdaT0tBTUEiLCJpYXQiOjE3ODA4NDA3MDksImV4cCI6MTc4MDg0MDc2OX0.w-KBUIindPPLSOWSnMDAIu55KHYX49uU-jcuGgS9s1w,,https://danceanos90euro.weebly.com/,Português,BR,c66de5fc-9e7d-4ed8-8aa4-32bf0944d728
"Penedo FM 97,3",Brasil • Português • Pop,Brazil,Alagoas,"hits,popular",https://stm16.painelcast.com:7206/stream,https://www.radios.com.br/aovivo/radio-penedo-973-fm/14134,http://www.penedofm.com.br/,Português,BR,f7387e77-0e61-4078-987e-bbae8504c053
Rádio Grande Vale 93.1 FM,Brasil • Português • Pop,Brazil,Minas Gerais,"brazilian music,brazilian pop,sertanejo",https://sonicpanel.oficialserver.com:7004/;stream.nsv&type=ac+,https://grandevalefm.com.br/resources/uploads/website/1762967184277_logo.png,http://www.grandevalefm.com.br/,Português,BR,4034497d-cbcc-4a14-8ef3-ad9f15293c00
"Jovem Pan 98.3 - Taubaté, SP",Brasil • Português • Pop,Brazil,"Taubaté, SP","adult contemporary,pop,sertanejo,the seven best,top 40",http://shout35.crossradio.com.br:8012/,,https://jovempan.com.br/afiliada/taubate-fm,Português,BR,34991986-7b87-4d4b-81e7-4c6d129a2842
Rádio Cidade 94.3 FM Natal RN,Brasil • Português • Pop,Brazil,Rio,"local news,mpb,pop music",https://cidadedosolaac.jmvstream.com/stream?1732978147095,https://img.radios.com.br/radio/lg/radio11453_1528207582.jpg,https://www.radios.com.br/aovivo/radio-cidade-943-fm/11453,Português,BR,3bf3d027-13a8-4840-9281-067d48c64b7c
MPX Web Rádio 2,Brasil • Português • Pop,Brazil,Sergipe,"club dance electronic house trance,drum 'n' bass,dubstep,eurodance,hi-res,high bitrate",https://streaming.mpxwebradio.com/listen/mpxdancemix/256k,https://mpxwebradio.com/wp-content/uploads/2021/02/DANCEMIX.png,https://mpxwebradio.com/dancemix,Português,BR,05dee416-bea9-4855-8c16-0ee7445000ae
Jovem Pan FM - Blumenau - SC,Brasil • Português • Pop,Brazil,Santa Catarina,"brazilian pop,contemporary hits radio,dance,electronic dance music,eurodance,jovem,pop,pop rock,top 40",https://f108.fabricahost.com.br/jpblumenau?f=1768464027N01KF0AQ438AT4MFMBHEV2NP5QH&tid=01KF0AQ438FRZFWMDPREG5YT3S,https://jpimg.com.br/uploads/2024/02/avatar-blumenau-rgb-500x500.png,https://jovempan.com.br/afiliada/blumenau-fm,Português,BR,a071f06e-e7a2-4379-b9c9-3ca331f1db48
Rádio Boa 94.1 Fm Alagoinhas,Brasil • Português • Pop,Brazil,Bahia,"eclética,popular",https://cast.radiu.live:9304/stream,https://img.radios.com.br/radio/lg/radio44545_1717055586.jpg,https://www.instagram.com/boafmalagoinhas,Português,BR,472b09f1-69a9-4be7-bd20-86b7e76acfa8
Rádio AMC+,Brasil • Português • Pop,Brazil,,"anime,jpop,jrock",https://radioamc.com.br/stream/amcplus,https://radioamc.com.br/shared/amcpluslogo.png,https://radioamc.com.br/,Português,BR,938c6c51-3ad8-4fcf-a344-d40f932ba2a5
Hot Mix 94.9 FM,Brasil • Português • Pop,Brazil,São Paulo (SP),hits,https://stm17.xcast.com.br:10908/stream?type=http,https://hotmixfm.com.br/wp-content/uploads/2025/02/cropped-logoLogin-1-32x32.png,https://hotmixfm.com.br/,Português,BR,aa922e50-30c0-44e5-bae7-4294a098206c
"Rádio Mundi 99,3 FM",Brasil • Português • Pop,Brazil,PR,"jazz,pop music,sertanejo,sertanejo raiz",https://ice.fabricahost.com.br/mundifm,https://img.radios.com.br/radio/xl/radio15921_1549036585.jpg,https://mundifm.com.br/,Português,BR,6d9cd4c0-e779-49a0-8d2e-881ba82ea1d4
Maresol web radio,Brasil • Português • Pop,Brazil,Aracajú,pop music,https://stream.zeno.fm/pxbrdor4opmvv,,https://www.radiomaresol.com.br/,Português,BR,5b366b31-9b4e-4330-bab9-a42020f6fa40
Sonora FM - Farroupilha,Brasil • Português • Pop,Brazil,Rio Grande do Sul,"adulta,pop-rock",https://casthttps1.suaradionanet.net/10318/stream,,https://www.radiosonorafm.com.br/,Português,BR,aa519ac4-be25-40af-a134-8233403674d5
Atos FM,Brasil • Português • Pop,Brazil,Ceara,"adult,adult contemporary,christian-gospel,flash back,flashback,gospel",https://s.bul.tec.br:8020/128,,https://atosfm.com.br/,Português,BR,3765672e-9137-448d-ad49-d7feb6cfc314
Elite Studio FM,Brasil • Português • Pop,Brazil,Santa Catarina,"flashback,pop,pop-rock,rock",https://stream.zeno.fm/jjgtqyoqkpvuv,,https://www.elitestudiofm.com.br/,Português,BR,f34d64aa-b0a8-4551-b65f-9bbf4b765b9b
Jovem Pan Porto Alegre,Brasil • Português • Pop,Brazil,,"eletrônica,pop,rock",http://centova6.ciclanohost.com.br:9256/,https://firebasestorage.googleapis.com/v0/b/radiogalaxy-580f4.appspot.com/o/images%2FIMG_20230202_185333193.jpg?alt=media&token=15a4fdd0-fd97-4507-b2f2-584233d1f324,https://jovempan.com.br/afiliada/grandepoa-fm,Português,BR,64e61143-846c-40a9-be84-b54fb7aa9c6c
Rádio Cultura Rio Grande,Brasil • Português • Pop,Brazil,Rio Grande do Sul,"esportes futebol,musica popular",https://casthttps.suaradionanet.net/10402/stream,https://manager.suaradionanet.net/storage/radios/culturaam/site_basic/64f0b1dde9a5c3.82638254.png,https://radioculturariograndina.com.br/,Português,BR,2c718693-fdf4-451b-b716-fb1ab1a0c7d4
Rádio Joli MPB,Brasil • Português • Pop,Brazil,São Paulo,"adult contemporary,mpb,música popular brasileira",http://stream.zeno.fm/mrutsyhkc3quv,https://img.radios.com.br/radio/lg/radio112934_1562066435.png,https://zeno.fm/jolimpb,Português,BR,ea035d44-e6bf-4974-9bf0-a766b44df5ac
EP FM Araraquara,Brasil • Português • Pop,Brazil,,pop,https://8345.brasilstream.com.br/stream?rand=dITCD,https://www.epfm.com.br/img/logo.svg,https://www.epfm.com.br/,Português,BR,740e636f-1708-4d74-9cd7-1df3d39b79d5
Hunter FM - Hits Brasil,Brasil • Português • Pop,Brazil,Distrito Federal,"sertaneja,sertanejo",https://live.hunter.fm/hitsbrasil_normal,https://hunter.fm/_nuxt/icons/icon_64x64.5c2fd0.png,https://hunter.fm/,Português,BR,2ecd468b-523e-4f35-8f5b-251390b642f0
Rádio Rural de Natal 91.9 FM,Brasil • Português • Pop,Brazil,Rio Grande do Norte,"local news,mpb,música religiosa,pop music",https://live9.livemus.com.br:27802/stream?1732977845423,https://www.radios.com.br/aovivo/radio-rural-de-natal-919-fm/78700,https://www.radios.com.br/aovivo/radio-rural-de-natal-919-fm/78700,Português,BR,78681021-3333-4df7-a28d-ef420a92812d
Uniao FM,Brasil • Português • Pop,Brazil,Rio Grande do Sul,"mpb,pop",http://stream.ouveai.com.br:8053/stream,https://www.uniaofm.com.br/wp-content/themes/radiouniaotheme/favicon/favicon-128.png,http://www.uniaofm.com.br/,Português,BR,e314945d-718e-11e8-83fa-52543be04c81
Rádio Viva 106.7 FM,Brasil • Português • Pop,Brazil,Sao Paulo (Brazil),"aracatuba,araçatuba,cultura am,eclética,futebol,popular,ronda policial",http://stm51.conectastm.com:11314/stream,https://img.radios.com.br/radio/lg/radio11337_1656340351.jpg,https://vivafm106.com.br/,Português,BR,005fe0e9-cb6f-4f75-8459-8b01c8970eac
RÁDIO WEB LUNA,Brasil • Português • Pop,Brazil,Ceará,"eclectic programming,popular music",https://stream-178.zeno.fm/1qxe7gsah0hvv?zt=eyJhbGciOiJIUzI1NiJ9.eyJzdHJlYW0iOiIxcXhlN2dzYWgwaHZ2IiwiaG9zdCI6InN0cmVhbS0xNzguemVuby5mbSIsInRtIjpmYWxzZSwicnR0bCI6NSwianRpIjoic013T1M0aVNTRGFIVWZabGJ5alg0QSIsImlhdCI6MTc2ODQ0MTA5OSwiZXhwIjoxNzY4NDQxMTU5fQ.Y-A5wkX8cAfUdQ9nLc5Wib9PyogjN7ha7lBo18H4T_w,,https://zeno.fm/radio/radio-web-luna-tv-87-9-fm/,Português,BR,98568cdf-2ef1-45ac-8db7-992cd781050c
Rádio 105 FM,Brasil • Português • Pop,Brazil,Santa Catarina,"hits,popular,sertaneja",https://wz7.servidoresbrasil.com:8070/stream?1771865978025,https://img.radios.com.br/radio/lg/radio142153_1587118918.jpg,https://www.fm105.com.br/,Português,BR,9022c744-15fa-4e1f-a5a6-55a0b6850034
Rádio Cordeiro,Brasil • Português • Pop,Brazil,Pernambuco,pop music,https://stm7.painelcast.com:7590/stream,https://cordeiroplasticos.com.br/cordeiro1.png,https://toligado.net.br/,Português,BR,f074f268-1d13-42d7-8f75-23ec723dee73
Top Mais Web Rádio,Brasil • Português • Pop,Brazil,São Paulo (SP),"pop music,sertanejo",https://hts09.brascast.com:13158/live,,https://www.topmaiswebradio.com.br/,Português,BR,853b0da1-d74c-45ba-928d-851e95bcb188
Estação POP,Brasil • Português • Pop,Brazil,MG,Pop,https://s46.hstbr.net:8026/live?id=1530746592431,,http://radioestacaopop.com/,Português,BR,7d36e0b6-7fe1-11e8-a43d-52543be04c81
Difusora Jundiaí,Brasil • Português • Pop,Brazil,São Paulo,popular,http://shout35.crossradio.com.br:8112/stream?1653871122262,,https://www.jj.com.br/,Português,BR,70d52c80-84b7-4fc5-99c7-5972f75ded87
"Rádio jovem pan 107,3 FM Varginha",Brasil • Português • Pop,Brazil,Minas Gerais Brasil,"jovem,top 40",https://server01.ouvir.radio.br:8042/stream,https://tunein.com/radio/Jovem-Pan-FM-1073-s158405/?hl=pt-BR,https://jovempan.com.br/afiliada/varginha-fm/,Português,BR,13f079c2-cfb8-4d7d-8c77-aca6bd0f8608
"CBN 104,5 FM Maceió",Brasil • Português • Pop,Brazil,Alagoas,"esportes,jornalismo(all news),popular",http://v3.directradios.com:8229/stream,http://play.radios.com.br/22234,http://www.sistemacorreioderadio.com.br/,Português,BR,0c598d60-f9f3-4813-86c6-92cbd81ac864
Rainha 89fm,Brasil • Português • Pop,Brazil,Bahia,"forro,popular,sertanejo",https://streaming.livespanel.com:8990/stream,,https://rainha89fm.com/,Português,BR,17a95a29-306e-49dd-b49b-c5b6fc875576
Radio Jandaia,Brasil • Português • Pop,Brazil,,"hits,pop,top40",https://euroticast.com/play.php?play=8444&player=winamp,https://radiojandaia.com.br/favicon.ico,https://radiojandaia.com.br/,Português,BR,3bca7398-ab8a-49ec-8227-c57646771e01
"Difusora 93,3 FM Maceió",Brasil • Português • Pop,Brazil,Alagoas,"jornalismo,popular",https://radio.saopaulo01.com.br/9348/stream,https://www.radios.com.br/aovivo/radio-difusora-933-fm/13036,http://www.izp.al.gov.br/,Português,BR,e9fce72c-61dc-44a0-a6cd-11e5fd297ebd
Radio Clube FM Rio Claro,Brasil • Português • Pop,Brazil,Sao Paulo (Brazil),hits sertanejo pagode,https://r11.ciclano.io/proxy/radiojo1/stream,https://cadena-high-volume.b-cdn.net/uploads/station/vertical_logo/118/iTunesArtwork_fm-1.png,https://radioclube.fm.br/,Português,BR,15374089-76b8-4cce-be03-ecdfdbeb37b1
Rádio Caverá FM 87.9,Brasil • Português • Pop,Brazil,Rio Grande do Sul,"nativista,pop",https://s05.maxcast.com.br:8012/live?id=692006007223,,https://www.radiocavera.com/,Português,BR,94fe8c3e-f741-4aa7-a377-6b7bcfd763a1
Z-top,Brasil • Português • Pop,Brazil,Minas Gerais,"chr,contemporary hits radio,dance,electronic dance music,eurodance,jovem,pop,pop rock,top 40",https://stream.zeno.fm/gzf0stmb2d0uv,https://cdn.onlineradiobox.com/img/l/2/95782.v7.png,https://radiorockfm.com.br/ztop,Português,BR,db9901ae-88a7-452a-a528-1f378dd817bf
Rádio Apolo 98.1 FM,Brasil • Português • Pop,Brazil,Sao Paulo,"adult,classic hits,pop",https://server3.dacsolution.com.br/98.1/player/,https://img.radios.com.br/radio/lg/radio240886_1722248014.jpg,https://radioapolo.com.br/,Português,BR,1590b1e7-6efc-4020-9ebe-999872438472
Radio ZTOP,Brasil • Português • Pop,Brazil,Minas Gerais,"contemporary hits radio,dance,electronic dance music,eurodance,jovem,op,pop rock,top 40",https://stream.zeno.fm/bd0hmtmb2d0uv,https://images.zeno.fm/F19RKDqzPlicPWJRFtHsKsoDnxxlCIlPPZGOe78MIJc/rs:fit:170:170/g:ce:0:0/aHR0cHM6Ly9zdHJlYW0tdG9vbHMuemVub21lZGlhLmNvbS9jb250ZW50L3N0YXRpb25zL2FneHpmbnBsYm04dGMzUmhkSE55TWdzU0NrRjFkR2hEYkdsbGJuUVlnSURBdGZhcy1nb01DeElPVTNSaGRHbHZibEJ5YjJacGJHVVlnSURRdW9pQjVnZ01vZ0VFZW1WdWJ3L2ltYWdlLw.webp?u=Mon%20Jan%2001%2022:54:51%20UTC+0000%202024,https://radiorockfm.com.br/ztop,Português,BR,87086b06-203f-4e81-8479-c5d6b66901f8
94 FM CORDEIRO-RJ,Brasil • Português • Pop,Brazil,,pop,http://s17.hstbr.net:8040/live?1601949995965,,,Português,BR,126dac53-8335-4b3d-be80-83df12bc9590
Rádio Brasil Novo 94.3 FM,Brasil • Português • Pop,Brazil,"Santa Catarina, SC","hits,popular,sertaneja",https://stm10.virtualcast.com.br:8464/rbnjaraguasul,https://img.radios.com.br/radio/lg/radio10493_1579084852.jpg,https://rbnfm.com.br/,Português,BR,e82b1aa7-bfd1-4208-bfd6-f9c5ab541b20
Cidade FM NET,Brasil • Português • Pop,Brazil,,pop,https://08.stmip.net:8718/live,https://drive.google.com/file/d/1OzJ516f0pWQWeWlNl6OE-_rIhSz0LwRy/view?usp=drivesdk,https://www.cidadrfmnet.com.br/,Português,BR,5243116f-b458-4d28-8747-9b5d81661229
Fronteira FM 97.1,Brasil • Português • Pop,Brazil,Rio Grande do Sul,"hits,pop,rock,sertanejo",https://sonicpanel.oficialserver.com/9992/stream,,https://radiofronteirafm.com.br/,Português,BR,6fa7d97e-5324-42d4-ba53-9ecf32d8c486
Radio Animu [MP3 192Kbps],Brasil • Português • Pop,Brazil,Santa Cruz do Capibaribe - Pernambuco,"anime,anime endings,anime openings,game,japonese anime soundtracks,jpop,song requests,vgm ost",https://stream.animu.moe/192,https://www.animu.moe/wp-content/uploads/2021/10/cropped-cropped-cropped-cropped-Logo-nova-com-slogan-1-189x69.webp,https://www.animu.moe/,Português,BR,c34d5589-cc8c-445d-ace0-3a0a26576e0b
"Metropolitana FM 97,7 Maceió",Brasil • Português • Pop,Brazil,Alagoas,"pop rock popular,sertaneja",https://streaming.livespanel.com:8032/maceiofm,https://www.radios.com.br/aovivo/radio-metropolitana-977-fm/260824,https://maceiofm97-7.mobirisesite.com/,Português,BR,a41c5dcc-7cd8-44da-a071-d74a3ea01ce4
Só Se For Dance,Brasil • Português • Pop,Brazil,Rio Grande do Sul,Pop,http://stream-156.zeno.fm/u0vqwmqxcf9uv?zt=eyJhbGciOiJIUzI1NiJ9.eyJzdHJlYW0iOiJ1MHZxd21xeGNmOXV2IiwiaG9zdCI6InN0cmVhbS0xNTYuemVuby5mbSIsInRtIjpmYWxzZSwicnR0bCI6NSwianRpIjoiQ3pMaks4VGZUUEtEVnF3T3lQQkhDQSIsImlhdCI6MTc2ODQzOTgyNywiZXhwIjoxNzY4NDM5ODg3fQ.7mdxtDLKYUm91-awl848LCwXKsI1CdktQZVUXBIUl4k,,https://zeno.fm/radio/bk4zsmqxcf9uv/,Português,BR,834148ec-a076-4677-b735-e241bc3bb656
Radio Ipiranga,Brasil • Português • Pop,Brazil,,pop,http://r11.ciclano.io:9173/stream,,https://radioipiranga.com.br/,Português,BR,130280fe-95b6-4c22-a703-1030d286fa55
Rádio Hot 107 FM,Brasil • Português • Pop,Brazil,Sao Paulo (Brazil),"hits,samba pagode,sertaneja",https://9772.brasilstream.com.br/stream?1771879083516,https://img.radios.com.br/radio/lg/radio8760_1565178044.png,http://www.hot107.com.br/,Português,BR,65e47141-fa7c-428a-bd06-1f80c319c1f2
"Mix FM 98,3 Maceió",Brasil • Português • Pop,Brazil,Alagoas,"jovem,pop rock",https://virtues.live:8184/stream,https://www.radios.com.br/aovivo/radio-mix-983-fm/13177,http://98fmmaceio.com.br/,Português,BR,552e5477-0986-494e-af5c-33724580a1bd
Morena FM /Rio,Brasil • Português • Pop,Brazil,RJ,"adult contemporary,brazilian music,classic rock,pop,rock",https://centova5.transmissaodigital.com:20005/stream,,https://www.morenafmrio.com/,Português,BR,700ae020-2d60-452b-b1c5-1292f34ab4e4
"Rádio T 105,3 FM Ponta Grossa - PR",Brasil • Português • Pop,Brazil,PR,"pop music,sertanejo,sertanejo raiz",https://s1.mediacp.com.br:8984/stream,https://www.radiot.fm/images/logo4.fw.png,https://www.radiot.fm/,Português,BR,fea104fc-d92f-4c73-bd5d-450634063dcb
FM Vale Verde,Brasil • Português • Pop,Brazil,São Paulo,"música pop,sertanejo",https://f100.fabricahost.com.br/fmvaleverde?f=1768453284N01KF00F8HFSQAN97PZR80Z3KPF&tid=01KF00F8HF1RY165S7GNASV2VS,"https://static.wixstatic.com/media/37804f_16136aea1d04418185851832f5b1b2c8%7emv2.png/v1/fit/w_2500,h_1330,al_c/37804f_16136aea1d04418185851832f5b1b2c8%7emv2.png",https://www.fmvaleverde.com.br/,Português,BR,36fb00ed-0774-41c1-a8fb-9e13cef330c9
MS Web Rádio,Brasil • Português • Pop,Brazil,MT,"esportes,hits,sertaneja",https://s25.maxcast.com.br:8108/live?1771879594681,https://img.radios.com.br/radio/lg/radio62729_1627756599.jpeg,http://www.mswebradio.com.br/,Português,BR,c5c6c991-5c48-4b42-822a-457883c3548e
"Nova Brasil 106,5 FM Maceió",Brasil • Português • Pop,Brazil,Alagoas,"adult contemporary,contemporary hits,mpb",https://26643.live.streamtheworld.com/NOVABRASIL_MACAAC.aac?dist=RadiosNet,https://www.radios.com.br/aovivo/radio-nova-brasil-1065-fm/124924,https://novabrasilfm.com.br/,Português,BR,dce066a5-0682-4604-a4c3-66b8c0deaece
Radio Cordeiro de Deus,Brasil • Português • Pop,Brazil,SP,"christian-gospel,gospel contemporary,gospel country,gospel dance,gospel evangélica,gospel music,gospel pop,southern gospel,urban gospel",https://servidor33.brlogic.com:8598/live,,https://www.radioc.com.br/,Português,BR,5dcde101-8ff7-4750-ba90-125d6de2a666
"Pajuçara FM 103,7 Maceió",Brasil • Português • Pop,Brazil,Alagoas,"eclética,popular",https://cast3.hoost.com.br:8679/stream,https://www.radios.com.br/aovivo/radio-pajucara-1037-fm/14126,https://www.tnh1.com.br/103/,Português,BR,37f2eb85-d9a8-4ca4-b113-01481d66c45d
"Nossa FM 105,9",Brasil • Português • Pop,Brazil,"Patos de Minas, MG","pop,variedades",https://audiostream.i9suaradio.com:1195/stream,https://nossafm105.com/apple-touch-icon.png,https://nossafm105.com/,Português,BR,aca20e39-7df5-435a-abb5-c38877ac111a
Rádio Estação Pop,Brasil • Português • Pop,Brazil,MG,pop-rock,https://s46.maxcast.com.br:8026/live?1771884575757,https://img.radios.com.br/radio/lg/radio29801_1439401712.jpg,http://radioestacaopop.com/,Português,BR,ec754b3c-7ded-4bb3-8a3d-aaac4a24c4f4
Emilio Prime,Brasil • Português • Pop,Brazil,,pop,http://sv13.hdradios.net:7194/,,https://www.radioemilioprime.webradios.net/,Português,BR,b5344493-9c1b-40d9-b4aa-af9fd64e8092
Radio Lider FM,Brasil • Português • Pop,Brazil,,hits,http://r11.ciclano.io:9047/stream,,http://radioliderfm.com.br/,Português,BR,a0482032-1fa9-4899-8812-ccdcab133363
Radio Planetario FM,Brasil • Português • Pop,Brazil,,hits,http://r11.ciclano.io:9038/stream,,http://radioplanetario.com.br/,Português,BR,a0f8408f-f095-4503-80da-b9f6895075a1
Rádio Mega FM Sananduva,Brasil • Português • Pop,Brazil,Rio Grande do Sul,pop,https://live.virtualcast.com.br/megasananduva,https://www.megafmrs.com.br/assets/imagens/favicon.ico,https://www.megafmrs.com.br/,Português,BR,efb9d0cc-9d9e-41ef-acdd-a98a4247009e
Rádio Tropical Vale 96.1 FM,Brasil • Português • Pop,Brazil,MG,"hits,sertaneja",https://8442.brasilstream.com.br/stream?1771884870919,https://img.radios.com.br/radio/lg/radio15003_1588852945.png,http://www.tropicalminas.com.br/,Português,BR,d30ebb84-0ad8-41d5-a3ad-89e89cefc04e
Jovem Fm,Brasil • Português • Pop,Brazil,Tocantins,"pop rock,popular",http://wz3.dnip.com.br/aycomau1/aycomau1.stream/playlist.m3u8,,http://redejovemfm.com.br/,Português,BR,48045353-18f1-11e8-9a35-52543be04c81
94 Live (Divinópolis - MG),Brasil • Português • Pop,Brazil,Minas Gerais,"hits,pop rock",https://94fm64aac.jmvstream.com/stream,https://ugc.production.linktr.ee/2QIV7DDhSoeAW2nYRLi2_ZPDNoICIM617u2RP?io=true&size=avatar-v3_0,https://linktr.ee/radio94live,Português,BR,48a71f65-ccf3-45b9-b350-8bee19aaad01
"Jovem pan 95,9 FM",Brasil • Português • Pop,Brazil,Pernambuco,"jovem,top 40",https://cast4.audiostream.com.br:20004/jp95,https://www.radios.com.br/aovivo/radio-jovem-pan-959-fm/24574,https://jovempan.com.br/afiliada/recife-fm,Português,BR,d30095ac-2d10-4b67-98e7-d31039d3ec6f
Radio Espinharas,Brasil • Português • Pop,Brazil,Paraiba,popular,https://radio.saopaulo01.com.br:10843/stream,https://www.radioespinharas.com.br/imagens/logo.svg,https://www.radioespinharas.com.br/,Português,BR,f98b7623-b31d-452d-a496-4b35e7e88ca2
Charles Pitta dos Santos,Brasil • Português • Pop,Brazil,BA,"christian-gospel,cristão,gopsel,hits,pop",https://servidor40-3.brlogic.com:8004/live,https://public-rf-upload.minhawebradio.net/3671/logo/194703c6220528242b004d95004e0fec.png,http://radiocristaonline.com/,Português,BR,410d08ba-77ba-4604-9b1e-3ebb11cbc82d
"Jangadeiro 88,9 FM",Brasil • Português • Pop,Brazil,"Fortaleza, Ceará","eclética,música popular mexicana",https://stream.zeno.fm/xuh02vfzurhvv,https://www.radios.com.br/aovivo/radio-jangadeiro-889-fm/13520,https://jangadeirofm.com.br/,Português,BR,2e198067-cdd3-4fbc-b673-7be52078b9d1
Radio Taquara,Brasil • Português • Pop,Brazil,,hits,http://r13.ciclano.io:8165/stream,,https://www.radiotaquara.com.br/,Português,BR,d3cc8048-1268-4195-be8e-663d58b179b9
Rádio Itatiunga 102.9 FM,Brasil • Português • Pop,Brazil,Paraiba,"eclética,hits",https://str1.streamhostpg.com.br:8100/stream,https://img.radios.com.br/radio/lg/radio13341_1495981602.jpg,http://www.102fmpatos.com.br/,Português,BR,f6f2ccd1-9c1a-47ca-9caf-1edd6c66eed1
Rádio Ótima 95.5 FM,Brasil • Português • Pop,Brazil,Sao Paulo (Brazil),"hits,popular",https://ice.fabricahost.com.br/otimafm955,https://img.radios.com.br/radio/lg/radio13788_1646778590.png,https://www.otimafm.com.br/,Português,BR,088fcbf4-06f7-4881-8c8e-a5b9ea52018c
Antena 1 FM 91.3 MHz / Juiz de Fora - MG,Brasil • Português • Pop,Brazil,Minas Gerais,"soft adult contemporary,soft rock",https://stream02.ouveai.com.br:7017/stream,https://a1media.antena1.com.br/image/album/400x400/default-antena1.jpg,https://www.antena1.com.br/,Português,BR,fbc8a547-2764-4b35-a3cb-4b9ea2ffab1f
Universitária FM 102.1,Brasil • Português • Pop,Brazil,São Paulo,pop,https://stm3.srvif.com:7726/stream,,https://universitaria.fm.br/,Português,BR,e125e305-0cc9-4751-956d-fc66e9a2539c
Radio ABR Music,Brasil • Português • Pop,Brazil,,pop,http://r11.ciclano.io:9191/stream,,https://abrmusic.com.br/,Português,BR,b481d89a-2aca-4dea-8178-02744fccee7d
Rádio Itay 88.7 FM,Brasil • Português • Pop,Brazil,PR,"pop music,sertanejo,sertanejo raiz",https://stm1.streamproarte.com.br:7530/stream,https://radioitay.com.br/wp-content/uploads/2023/07/image-removebg-preview-14.png,https://radioitay.com.br/,Português,BR,1d4c34ed-3c32-4182-9232-6c3304f75b12
"Jovem pan 101,3 FM Maringá",Brasil • Português • Pop,Brazil,Parana,"jovem,pop rock",https://shout35.crossradio.com.br:18040/stream,https://www.radios.com.br/aovivo/radio-jovem-pan-1013-fm/8801,https://jovempan.com.br/afiliada/maringa-fm,Português,BR,f9008d87-9351-4a8f-9673-544b0ad1a039
Web Rádio Doval,Brasil • Português • Pop,Brazil,"Fortaleza, Ceará","dance,forró,sertanejo",https://stm9.voxhd.com.br:13288/,https://www.facebook.com/share/1D5odWYdaG/,https://aureliolimanews.com.br/,Português,BR,3b848cc8-e9d6-4cbd-a77e-2cc1984b3b4b
Circus Radio,Brasil • Português • Pop,Brazil,,"70s,80s,90s,classic hits,oldies",http://radio.rpointernet.com.br:5788/;,,http://www.circusradio.com/,Português,BR,19c2ba1d-0975-4aa0-9998-9892f3e27f17
Cultural FM,Brasil • Português • Pop,Brazil,,"brazilian music,hits,pop",http://02.stmip.net:8096/;,http://culturalfm.com.br/img/logo.png?1741492967,http://culturalfm.com.br/,Português,BR,73598095-69ba-4f9b-8a33-de5cfe32a841
União FM - Porto Alegre,Brasil • Português • Pop,Brazil,Rio Grande do Sul,"mpb,news,pop,rock",https://stream.ouveai.com.br/proxy/uniaonh?mp=/stream,https://www.uniaofm.com.br/wp-content/themes/radiouniaotheme/favicon/favicon-128.png,https://www.uniaofm.com.br/,Português,BR,8261610c-dc2d-4e8f-b7d1-efa43fe1e91e
Rádio Music Hall,Brasil • Português • Pop,Brazil,São Paulo,"flashback,pop-rock",http://server02.ouvir.radio.br:8050/stream,https://img.radios.com.br/radio/lg/radio34072_1446728798.jpg,http://radios.gratis/,Português,BR,8ea74eba-22fb-420f-a669-d270d24be011
Rádio Ótima 90.3 FM,Brasil • Português • Pop,Brazil,Sao Paulo (Brazil),"hits,popular",https://ice.fabricahost.com.br/otimafm903,https://img.radios.com.br/radio/lg/radio27258_1646778302.png,https://www.otimafm.com.br/,Português,BR,be21c549-41f8-4121-a584-3ecd5ded97b2
"Sucesso FM 88,3",Brasil • Português • Pop,Brazil,Rio de Janeiro,"brasil,funk,nova friburgo,pagode,pop,rio de janeiro,sertanejo",https://servidor36.brlogic.com:8300/live?1696916321806,https://public-rf-upload.minhawebradio.net/17549/program/7d841a5fa803032a7e8656166559739f.jpg,https://sucessofm.com.br/,Português,BR,df98c5cd-6b25-4381-950b-d15753439b97
"Santa Bárbara FM 95,9",Brasil • Português • Pop,Brazil,,pop,https://servidor36-4.brlogic.com:8474/live,https://public-rf-upload.minhawebradio.net/39758/mobileicon/636ee3ceb43dc23b3c32ad3f1a83cb34x192.png,https://santabarbarafm.com/,Português,BR,571d68cb-0a54-4e1c-83f6-6f3ef95b5dbb
Só Se For Dance,Brasil • Português • Pop,Brazil,Rio Grande do Sul,Pop,http://stream-155.zeno.fm/u0vqwmqxcf9uv?zt=eyJhbGciOiJIUzI1NiJ9.eyJzdHJlYW0iOiJ1MHZxd21xeGNmOXV2IiwiaG9zdCI6InN0cmVhbS0xNTUuemVuby5mbSIsInRtIjpmYWxzZSwicnR0bCI6NSwianRpIjoiZE9rVGRqU3VSei0zblJBSDZkLWNXUSIsImlhdCI6MTc2ODQ1NTI4MiwiZXhwIjoxNzY4NDU1MzQyfQ.VS7silrsmGms8mKCr6DljQxLdJcal-pMyjn8hWSI6kY,https://zeno.fm/favicon.ico,https://zeno.fm/radio/bk4zsmqxcf9uv/,Português,BR,422cdde6-f77c-44c2-b29b-a00e3116580e
Jovem Pan FM - Salvador - BA - 91.3,Brasil • Português • Pop,Brazil,Bahia,"contemporary hits radio,jovem,jovem pan,pop,pop rock,top 40","https://shout25.crossradio.com.br:18022/1,%20https://shout25.crossradio.com.br:18022/1",https://jpimg.com.br/uploads/2022/12/afiliadas-salvador-500x500.jpg,https://jovempan.com.br/afiliada/salvador-fm,Português,BR,1ffa43f3-40e6-4ca5-b42c-bbc9c5f0e708
"FM Liberdade 101,1",Brasil • Português • Pop,Brazil,"Patos de Minas, MG","pop,sertaneja",https://8148.brasilstream.com.br/stream,http://fmliberdade.com/img/icon.png,http://fmliberdade.com/,Português,BR,f60dd19f-22bb-4bf0-ba21-f7848ee69533
Radio Hot 97.7,Brasil • Português • Pop,Brazil,,"brazilian music,hits,pop",http://servidor23.brlogic.com:7782/autodj,,http://hot107.com.br/,Português,BR,79a33903-2a7e-4195-a108-a7bf3660eaa3
Hunter.FM - O Canal Pop,Brasil • Português • Pop,Brazil,São Paulo,Pop,https://live.hunter.fm/pop_normal,https://hunter.fm/images/icon-logo-default.png,https://hunter.fm/,Português,BR,db1e3b4b-cad7-4832-a76b-0e4fbb0814a7
Premium FM 94.7 MHz Muriaé MG,Brasil • Português • Pop,Brazil,Minas Gerais,classic hits,https://live.paineldj.com.br/proxy/premiumfm?mp=/stream,https://premiumfm.com.br/wp-content/uploads/2022/06/premium-azul.png,https://www.premiumfm.com.br/,Português,BR,102ec59e-3784-4013-a759-c53fa4cf085a
"Rádio Líder 87,9 FM",Brasil • Português • Pop,Brazil,Mato Grosso do Sul,"ecletica,pop,radio comunitaria,sertanejo",https://9182.brasilstream.com.br/stream,https://static.mytuner.mobi/media/tvos_radios/899/lider-fm-maracaju.9907fb7f.png,https://www.liderfmonline.com.br/,Português,BR,5bc6fe06-6fd0-4bb0-9bf8-115295103c14
BONS TEMPOS FM,Brasil • Português • Pop,Brazil,SP,classic hits,https://stm7.xradios.com.br:6888/,,https://www.webradiobonstempos.com/,Português,BR,2dca939e-b8af-4f3d-903c-7e045a2d6355
SomBR,Brasil • Português • Pop,Brazil,,"adult contemporary,bossa nova,dance,eclectic,eclectic programming,metal,mpb,rock",https://airadio.duckdns.org/listen/radio_sombr/radio,https://airadio.duckdns.org/static/uploads/radio_sombr/album_art.1781113785.webp,https://airadio.duckdns.org/,Português,BR,a5be9e80-bcd9-4ea1-bdd0-88b40bf8866e
Rádio Ótima 89.1 FM,Brasil • Português • Pop,Brazil,Sao Paulo (Brazil),"hits,popular",https://f108.fabricahost.com.br/otimafm891?f=1768437175N01KEZH3NEF9QXY6TAT9WJ3VS5D&tid=01KEZH3NEF5YQV674YKSCWC9NN,https://img.radios.com.br/radio/lg/radio39929_1646778380.jpeg,https://otimafm.com.br/,Português,BR,3f5ab69d-254e-4399-a267-8b0a45835248
Eldorado FM - São Paulo,Brasil • Português • Pop,Brazil,São Paulo,"adult contemporary,adulta,jazz,mpb",https://eldoradolive01.akamaized.net/hls/live/2041487/eldorado/master.m3u8,https://img.radios.com.br/radio/lg/radio13051_1439401448.jpg,https://eldorado.estadao.com.br/,Português,BR,523fdf97-a758-4ffc-88b9-e36614e943fd
Radio Paiquerê,Brasil • Português • Pop,Brazil,"Londrina, Paraná","news,pop",https://ice.fabricahost.com.br/paiquere917,https://www.paiquere.com.br/wp-content/uploads/2024/02/fav.jpeg#170,https://www.paiquere.com.br/,Português,BR,24378572-cb36-4bb2-bcd7-15c097b2f1b9
Rádio Kboing 100.3 FM,Brasil • Português • Pop,Brazil,São Paulo,"adult,adulta,pop,pop rock",https://stream.knbcdn.com.br/kboing-fm/kbostream/playlist.m3u8,https://img.radios.com.br/radio/lg/radio29604_1653915617.jpg,https://www.kboingfm.com.br/,Português,BR,54866938-8bf3-456e-8a16-da5695124d72
Rádio Furacão 2000,Brasil • Português • Pop,Brazil,Rio de Janeiro,"brazilian pop,dance",https://servidor24-1.brlogic.com:7516/live?source=website,https://public-rf-upload.minhawebradio.net/111279/mobileicon/d5b82a5ec287583c0d89eaa8726c323fx192.png,https://www.radiofuracao2000.com/,Português,BR,475aef60-45f3-48ce-8e6e-a9f0a0212cdc
Sensação FM 105.5 Mhz (Rio Pomba - MG) (ZYN228),Brasil • Português • Pop,Brazil,Minas Gerais,"miscellaneous,popular music",https://sv10.hdradios.net:8226/stream,https://img.radios.com.br/radio/lg/radio31977_1607423966.jpeg,https://sensacaofm.com.br/,Português,BR,d3b79baa-5c90-4ae8-ba30-8b574b15eae7
Rádio CV Mais 97.5 FM,Brasil • Português • Pop,Brazil,"Piauí ,Teresina","hits,popular",https://ssl1.transmissaodigital.com:20098/;?1771932556038,https://img.radios.com.br/radio/lg/radio157979_1628521296.jpeg,http://www.cvmais.com/,Português,BR,a2a887c9-7249-4bbc-80e3-a13bc3c882cd
Cultura FM 95.1 Mhz (Uberlândia - MG) (ZYC697),Brasil • Português • Pop,Brazil,Minas Gerais,"brazilian music,miscellaneous,popular music",https://8040.brasilstream.com.br/stream,,https://radioculturafm.com.br/,Português,BR,f5bb8e71-3333-4468-9cab-70389a9cf45b
Rádio Mix 106.3 FM,Brasil • Português • Rock,Brazil,Sao Paulo,"chr,pop-rock,youth",https://playerservices.streamtheworld.com/api/livestream-redirect/MIXFM_SAOPAULOAAC.aac,https://img.radios.com.br/radio/lg/radio13955_1720711597.png,https://aovivo.radiomixfm.com.br/,Português,BR,901c92bd-a757-449a-b8ce-652b079fd38a
89 FM A Rádio Rock Goiânia,Brasil • Português • Rock,Brazil,Goiás,"classic rock,hard rock,rock",https://ice.fabricahost.com.br/89aradiorockgo,https://89goiania.com.br/wp-content/uploads/2024/07/icone_89.png,https://89goiania.com.br/,Português,BR,11a88d11-8a29-4976-b455-1d9bf709e599
Radio Jovem Pan 99.1 FM Belo Horizonte,Brasil • Português • Rock,Brazil,Minas Gerais,"90s,pop,rock",https://8062.brasilstream.com.br//stream?origem=jovem_pan_site,https://s.jpimg.com.br/wp-content/themes/jovempan/assets/build/images/favicons/favicon-32x32.png,https://jovempan.com.br/afiliada/bh-fm,Português,BR,2eb41659-1b7c-43e5-9b98-36634086a73c
89 A Radio Rock,Brasil • Português • Rock,Brazil,São Paulo,"alternative rock,rock",https://playerservices.streamtheworld.com/api/livestream-redirect/RADIO_89FM_ADP.aac?dist=site-89fm,,https://www.radiorock.com.br/,Português,BR,65908a60-3a4c-4d8c-b66c-d8eb96faefc6
Rádio Cidade - Rio de Janeiro - 102.9 FM - ZYD462,Brasil • Português • Rock,Brazil,Rio de Janeiro,"brazilian rock,classic rock,hot adult contemporary,soft rock",https://playerservices.streamtheworld.com/api/livestream-redirect/RADIOCIDADEAAC.aac,,https://radiocidade.fm/,Português,BR,06da0d92-28c2-11e9-a80b-52543be04c81
Jovem Pan FM - Florianópolis - SC,Brasil • Português • Rock,Brazil,Santa Catarina,"chr,contemporary hits radio,dance,electronic dance music,jovem,jovem pan,pop,pop rock,top 40",https://live.paineldj.com.br/proxy/jfloripa?mp=/stream,https://jpimg.com.br/uploads/2024/02/avatar-florianopolis-rgb-500x500.png,https://jovempan.com.br/afiliada/floripa-fm,Português,BR,bf64595a-eed4-49de-94e5-87c1bb813a74
Kiss FM - 92.5 - São Paulo,Brasil • Português • Rock,Brazil,São Paulo,rock,https://26593.live.streamtheworld.com/RADIO_KISSFM_ADP.aac,,https://kissfm.com.br/aovivo/,Português,BR,f0d81ba6-285c-4b93-97c9-4398d20c7797
Bons Tempos FM,Brasil • Português • Rock,Brazil,,"nostalgia,nostalgic,rock,romantic",https://server02.ouvir.radio.br:8050/stream?1609720768800,https://static.radios.com.br/img/apple-touch-icon.png,https://www.radios.com.br/aovivo/bons-tempos-fm/37027,Português,BR,345cc08c-a5e3-43d9-9543-0626f2081177
Rádio Studio Flashback,Brasil • Português • Rock,Brazil,Minas Gerais,"00's,00s,2000's,2000s,70's,70s,80's,80s,90's,90s,adult contemporary,adult hits,classic hits,classic rock,classics,flash back,flashback,love songs,new classics,oldies,pop,romantic",https://stream-163.zeno.fm/6gv76f1xruquv?zs=SvdWy-tsTtCXPZ9IZC0ASA,https://pbs.twimg.com/media/GE7jNgZWQAEcxNb?format=png&name=240x240,https://studioflashback.com.br/,Português,BR,c064c241-a2c2-4dd9-b889-b292535397fe
012 Rock News,Brasil • Português • Rock,Brazil,Sao Paulo (Brazil),Rock,http://9881.brasilstream.com.br/stream,https://www.012news.com.br/wp-content/uploads/2022/07/novo-logo1.png,https://www.012news.com.br/,Português,BR,f509ca0d-b4fd-44fa-bf88-5a20ddbc7e2d
Rede Grauna FM,Brasil • Português • Rock,Brazil,Bahia,"brasil,local news,mpb,música popular brasileira,pop rock,various",https://centova11.ipstm.net:20032/stream,,https://www.graunafm.com.br/,Português,BR,0f2ee084-9a81-40aa-a5a5-086fb2369c73
Radio AnimeNight,Brasil • Português • Rock,Brazil,,"90s,anime,j-pop,japanese,japanese anime soundtracks game jpop vgm ost,japanese music,jpop,pop,rock",https://stm16.voxhd.com.br:10374/app128,https://www.animenight.com.br/logo.png,https://www.animenight.com.br/,Português,BR,8f19d10d-5b9f-4120-964c-eebbb3745921
"Massa FM 101,1 (Ponta Grossa - PR)",Brasil • Português • Rock,Brazil,PR,"pop music,pop rock,sertanejo,sertanejo raiz",https://live.virtualcast.com.br/massapontagrossa,https://tudoradio.com/img/uploads/radios/radio_massafmpontagrossa.png,https://massa.com.br/massa-fm-ponta-grossa/,Português,BR,45b2f3d4-b188-42ae-bb8c-d57e95d652ce
BR - The Classic Rock,Brasil • Português • Rock,Brazil,Minas Gerais,"classic rock,hard rock,heavy metal,oldies,rock",https://stream.zeno.fm/nbq1aq62gd0uv,https://cdn.onlineradiobox.com/img/l/5/94775.v6.png,https://radiorockfm.com.br/br,Português,BR,195f2990-e0d3-4b34-8aab-5b173ddb6c6e
"Jovem pan 100,9 FM feira de Santana",Brasil • Português • Rock,Brazil,Bahia,"jovem,pop rock",https://8046.brasilstream.com.br/stream,https://www.radios.com.br/aovivo/radio-jovem-pan-1009-fm/13358,https://jovempan.com.br/afiliada/feiradesantana-fm,Português,BR,cfcd4939-2052-45fc-b2a2-54680decef18
98 Rock,Brasil • Português • Rock,Brazil,Minas Gerais,rock,https://8185.brasilstream.com.br/stream,,https://rede98.com.br/,Português,BR,be3907df-64a7-4df9-8158-61b7dc8c881c
91 Rock - Curitiba (web),Brasil • Português • Rock,Brazil,Parana,"brazilian rock,rock",http://servidor40.brlogic.com:8044/live,,https://91rock.com.br/,Português,BR,a35b909a-b461-11e8-afe1-52543be04c81
Só Cacarecos - Classic Rock,Brasil • Português • Rock,Brazil,Rio de Janeiro,"classic rock,progressive rock,soft rock",http://sokakarecos.ddns.net:9030/rock128,,http://sokakarecos.com/,Português,BR,eda6bad4-8015-4494-b43e-b3d5b97a41c3
98 ROCK BRASIL,Brasil • Português • Rock,Brazil,,Rock,https://stm41.stmsrv.com:16614/stream?type=http&nocache=1897905694,https://cdn.stmsrv.com/multi/16614/logo_r1dbkqc.png,https://98rock.com.br/,Português,BR,37d3cffd-c048-40b5-8023-a8179d7b3787
Itapema 102.3 FM,Brasil • Português • Rock,Brazil,Rio Grande do Sul,"blues,classic rock,jazz,rock,soft rock",https://liverd102fm.rbsdirect.com.br/primary/ita_poa.sdp/chunklist_0ac85862-caaa-446f-93bf-3e12816c36a0.m3u8,,https://1023.clicrbs.com.br/#!/home,Português,BR,0f9b53ac-460c-4ad1-8fdc-aee4f446fafd
Rock Classic Bits,Brasil • Português • Rock,Brazil,"Santa Catarina, SC","blues,blues rock,classic rock,rock en español,soft rock",http://stm25.xcast.com.br:6862/,,https://gilbertohart.wixsite.com/rock-classic-bits,Português,BR,b8a0cfa8-922d-483e-a3d0-540852bf1a46
Rádio Cidade,Brasil • Português • Rock,Brazil,Rio de Janeiro,"brazilian music,contemporary,pop,rock",http://playerservices.streamtheworld.com/api/livestream-redirect/RADIOCIDADEAAC.aac,https://radiocidade.fm/favicon.ico,https://radiocidade.fm/,Português,BR,9ab23180-17de-11e8-ae97-52543be04c81
Dixie Rebel,Brasil • Português • Rock,Brazil,São Paulo,"blues rock,classic rock,rock & roll",https://servidor36.brlogic.com:8572/live,,https://www.dixierebel.com.br/,Português,BR,0ec65b23-5732-4825-9e39-7df7856bb39b
89FM Radio Rock,Brasil • Português • Rock,Brazil,São Paulo,rock,https://playerservices.streamtheworld.com/api/livestream-redirect/RADIO_89FM_ADP.aac,,https://www.radiorock.com.br/,Português,BR,4a7680b2-f3da-4454-b80d-ba739f267431
Rádio Bla Rock,Brasil • Português • Rock,Brazil,São Paulo,classic rock,https://s12.maxcast.com.br:8086/live,,https://www.radiobla.com.br/,Português,BR,e29587c0-b1c6-4f50-8209-6c8a098ebcdf
Rádio Disney 91.3 FM,Brasil • Português • Rock,Brazil,Sao Paulo (Brazil),"jovem,pop rock,sertanejo",https://playerservices.streamtheworld.com/api/livestream-redirect/DISNEY_BRA_SP.mp3,https://images.app.goo.gl/fNFY7gv7C3w9dwtWA,http://www.disney.com.br/radio/,Português,BR,b30a4855-02c0-4fbf-95db-fde57d0fc06a
Mundo Livre FM,Brasil • Português • Rock,Brazil,Curitiba,alternative rock,https://playerservices.streamtheworld.com/api/livestream-redirect/MUNDOLIVRE_CWBAAC_64.aac,https://mundolivrefm.com.br/wp-content/uploads/2021/10/27122403/cropped-mundo-livre-logo-180x180.jpg,https://mundolivrefm.com.br/,Português,BR,3d72d9ae-d7e4-4742-b901-d9fa6e49a8a6
Rádio Ziggy - Rock Brasil (MP3),Brasil • Português • Rock,Brazil,Minas Gerais,"brazilian music,rock",http://stream.zeno.fm/0y68rshdreruv,https://i.ibb.co/fYN5mfBr/94405-v2.jpg,https://ziggywebradio.wixsite.com/radioziggy,Português,BR,a5f7ce2c-c6bd-424b-9b9a-4f1e1be86929
RADIO520,Brasil • Português • Rock,Brazil,,"classic rock,country pop,dance music,pop rock,sports news",https://stm7.xcast.com.br:9182/index,,https://www.radio520.com.br/,Português,BR,68fcf01b-98ad-4fc4-8deb-be5c4a341f40
Rádio Atlântida 94.3 FM - Porto Alegre,Brasil • Português • Rock,Brazil,Rio Grande do Sul,"brazilian music,classic rock,rock,world music",https://playerservices.streamtheworld.com/api/livestream-redirect/RBS_RADIOSAAC.m3u8,https://upload.wikimedia.org/wikipedia/pt/5/53/Logotipo_da_Rede_Atl%C3%A2ntida.PNG,https://atl.clicrbs.com.br/,Português,BR,388cf178-1497-40da-a8c0-f2155362a6dd
107 FM Tatuí,Brasil • Português • Rock,Brazil,Sao Paulo,"local news,news,noticias,pop,rock",https://f108.fabricahost.com.br/107fm?f=1768440014N01KEZKTA1M1TPDQW0KTF63Z481&tid=01KEZKTA1MJQM48EZ7NP81GYVW,"https://static.wixstatic.com/media/37804f_ed9032a0826e40efa33fefcbf9fb882b~mv2.png/v1/fill/w_141,h_237,al_c,q_85,usm_0.66_1.00_0.01,enc_auto/logo.png",https://www.107fm.net/,Português,BR,4dbf247c-52c0-44e8-bf5f-f9803f401fbd
Lightness of Rock,Brasil • Português • Rock,Brazil,Rio Grande do Sul,"blues,folk,progressive rock,psychedelic rock",https://stream.zeno.fm/n0dt87vrnd0uv,,https://zeno.fm/lightnessrock/,Português,BR,bc97d762-e996-44da-93f6-5769cadd2059
ELEKTRA RADIO,Brasil • Português • Rock,Brazil,Rio de Janeiro,"'synthpop',breaks,electro,freestyle,indie rock,miami bass,new retro wave",https://cast3.hoost.com.br:8952/stream,https://www.elektraradio.com/files/2026/01/logo_elektra_raio_03_mini-1.png,https://www.elektraradio.com/,Português,BR,6c6187ff-4866-47d0-a340-38967e9dc237
Radio Putzgrila,Brasil • Português • Rock,Brazil,Rio Grande do Sul,"alternative rock,classic rock,rock n roll",https://stream.ouveai.com.br/proxy/putzgrila?mp=/stream,,https://radioputzgrila.com.br/site/,Português,BR,3a1b96d5-3581-437d-8760-7074a2a13e34
Nova Onda FM,Brasil • Português • Rock,Brazil,São Paulo,"music,oldies,pop music,pop rock",https://ice.fabricahost.com.br/novaondafm,https://novaondafm.com.br/wp-content/uploads/2023/04/Nova-Onda-logo-colorido-300x169.png,https://novaondafm.com.br/,Português,BR,3f77f2e9-4ea5-4e15-a146-cf90ed50a42f
Jovem Pan FM - Brasília - DF - 106.3,Brasil • Português • Rock,Brazil,Distrito Federal,"contemporary hits radio,jovem,jovem pan,pop,pop rock,top 40",https://shout25.crossradio.com.br:18022/1,https://jpimg.com.br/uploads/2022/12/afiliadas-brasilia-106.3-500x500.jpg,https://jovempan.com.br/afiliada/brasilia-fm,Português,BR,77c0088f-9ae7-4bd3-a1de-edfc17f5ce86
EldoPop FM,Brasil • Português • Rock,Brazil,Rio de Janeiro,"hard rock,progressive rock",http://stm10.srvstm.com:34794/stream,http://eldopopfm.com/admin/assets/img/favicon.jpg,http://eldopopfm.com/,Português,BR,548d3232-fd53-4942-933b-38e9ddb4bcb3
Rádio Escola de Rádio,Brasil • Português • Rock,Brazil,Rio de Janeiro,"brazilian music,mpb,music school,pop,rio de janeiro,rock",https://radio.escoladeradio.com.br/listen/radio_er/radio.mp3,https://www.escoladeradio.com.br/radio-icon-512.png,https://www.escoladeradio.com.br/radio,Português,BR,26ff6924-856b-489c-970c-c90dd361c8f1
Ipe,Brasil • Português • Rock,Brazil,Brasília,"death metal,doujin,edm,idm,jpop,metal,symphonic metal",http://152.53.178.148:6670/,,https://0x45.pw/,Português,BR,d8b9886e-dcda-4122-9a71-d4e9c5bd7df3
Progressive Earth Radio,Brasil • Português • Rock,Brazil,São Paulo,progressive rock,http://sv10.hdradios.net:6674/;,https://img.radios.com.br/radio/lg/radio170330_1608747125.jpg,http://www.progressiveworldradio.com/,Português,BR,ea1961f6-8c80-4b47-b951-4411914dc814
Rádio Brasil 2000,Brasil • Português • Rock,Brazil,Sao Paulo (Brazil),rock,https://stm11.srvstm.com:6798/stream,https://brasil2000fm.com.br/wp-content/uploads/2025/03/cropped-FAVICON-2-192x192.jpg,https://brasil2000fm.com.br/,Português,BR,22278648-0793-4eaa-9d85-77c87b93fbee
Fan FM Aracaju,Brasil • Português • Rock,Brazil,SE,"mpb,pop,rock",http://08.stmip.net:7114/,https://redefanfm.com.br/wp-content/uploads/2023/07/favicon.jpg,https://redefanfm.com.br/,Português,BR,ed0b45a6-bd8f-4a31-8fe2-d13bfe4983d7
Jovem pan são jose dos campos,Brasil • Português • Rock,Brazil,"são jose dos campos, são paulo","2000s,2010s,90s,noticias,rock",https://r15.ciclano.io/proxy/radiomu1/stream,https://encrypted-tbn0.gstatic.com/images?q=tbn:ANd9GcQlALeBErv6OLhaMLhA0hYXVdz6JhM7drb5_Q&s,https://radiosaovivo.net/jovem-pan-fm-sao-jose-dos-camp/,Português,BR,05b96e91-2622-4679-9808-93b2fb0787b3
Progsky,Brasil • Português • Rock,Brazil,Rio de Janeiro,progressive rock,https://cc4.streammaximum.com:20017/stream,https://www.progsky.com/wp-content/uploads/2024/08/LOGOBALANCE.png,https://www.progsky.com/,Português,BR,aa953a81-6daf-4b14-af2e-51adad60cbfb
"Jovem pan 107,5 FM Belém",Brasil • Português • Rock,Brazil,Pará,"jovem,pop rock,top 40",https://radio01.zas.media/8038/stream,https://www.radios.com.br/aovivo/radio-jovem-pan-1075-fm/266119,https://jovempan.com.br/afiliada/belem-fm#,Português,BR,e22a9daa-8f48-4950-9c59-bda4356abe86
Rádio Joli Beatles,Brasil • Português • Rock,Brazil,São Paulo,classic rock,https://stream.zeno.fm/3hgez706e3quv?zs,https://img.radios.com.br/radio/lg/radio111501_1560523801.png,https://zeno.fm/JoliBeatles,Português,BR,c177f52c-a3f0-4477-8837-e40990c68232
Kero Rock,Brasil • Português • Rock,Brazil,Rio Grande do Sul,"classic rock,rock",https://stm1.painelwshost.com.br:7012/,https://www.kerorock.com.br/public/60326-2023-05-11.png,https://www.kerorock.com.br/,Português,BR,56bc3c1f-ca97-49f6-a212-e047dda93239
Jovem Pan FM Campinas - 89.9,Brasil • Português • Rock,Brazil,Sao Paulo (Brazil),"pop,rock",https://paineldj5.com.br:20028/stream,,https://jovempan.com.br/afiliada/campinas-fm,Português,BR,3dcc5ceb-7bb4-4bf4-9270-4a6ee5c18a79
VINTAGE ROCK,Brasil • Português • Rock,Brazil,Sao Paulo (Brazil),rock,https://servidor29.brlogic.com:7004/live,"https://static.wixstatic.com/media/968b35_8abc350821884ad6b3b35e24cd6839b2~mv2.png/v1/fill/w_600,h_337,al_c,q_85,usm_0.66_1.00_0.01,enc_avif,quality_auto/1.png",https://www.sistemavintage.com/,Português,BR,ebb83154-3c67-420c-82ea-ea39a9211ebb
Beatles 4 Ever (MP3),Brasil • Português • Rock,Brazil,,"classic rock,the beatles",http://stream.zeno.fm/ygdk890mug0uv,https://i.ibb.co/cSxC9QGC/image-2.webp,http://www.beatles4ever.br/,Português,BR,524abcd9-e1a4-4b91-8094-c56e0f9a2f40
RST Radio Rock,Brasil • Português • Rock,Brazil,Parana,"hard rock,progressive rock",https://servidor37-1.brlogic.com:8100/live,https://public-rf-upload.minhawebradio.net/113/fbplayer/7eb6b35b003a5c561f99df3588822931.jpg,https://rstradiorock.com.br/,Português,BR,fb1097c0-370b-45de-9d32-7f1f46c13d4e
Rock na Teia,Brasil • Português • Rock,Brazil,Sao Paulo (Brazil),rock,http://s19.maxcast.com.br:8182/live,https://static.wixstatic.com/media/1cf649_94d7175b59cc43d4ba0c0c9b9a025dac%7emv2.png/v1/fill/w_180%2ch_180%2clg_1%2cusm_0.66_1.00_0.01/1cf649_94d7175b59cc43d4ba0c0c9b9a025dac%7emv2.png,https://www.rocknateia.com.br/,Português,BR,af1456cb-2028-4466-8302-ce6a22133902
Rádio Agulha,Brasil • Português • Rock,Brazil,Porto Alegre,"alternative / indie,ecletic,mpb",https://titton.dvr.ovh:6702/stream,https://external-content.duckduckgo.com/iu/?u=https%3A%2F%2Fwww.radioagulha.com.br%2Fpublic%2F95360-2025-03-10.png&f=1&nofb=1&ipt=275da5696b7114704c9ecb5f0a2e961fe3b44a7dd62141de483b1805fb0d9443,https://www.radioagulha.com.br/,Português,BR,f08ea35e-f7f4-4bae-bd22-b7e1243e18a4
Ouro Verde FM Easy 105.5,Brasil • Português • Rock,Brazil,Parana,"brasil,brazilian music,classic hits,curitiba,ouro verde,paraná,pop,pop rock",https://8522.brasilstream.com.br/stream,https://ouroverdefm.com.br/wp-content/uploads/2022/11/favicon-150x150.png,https://ouroverdefm.com.br/,Português,BR,6116adf7-d0c7-49ca-91d9-c9e5553d250c
Rádio Cidade - Classic Rock,Brasil • Português • Rock,Brazil,Rio de Janeiro,classic rock,http://playerservices.streamtheworld.com/api/livestream-redirect/CLASSICROCK_S01AAC_64.aac,https://radiocidade.fm/player/img/classic-rock.svg,https://radiocidade.fm/player/index.php,Português,BR,6e56e3eb-620e-498d-86a2-ebb27b993d87
Metal Heads,Brasil • Português • Rock,Brazil,,"hard rock,metal,rock",https://hts01.brascast.com:9194/live,https://spaceks.net/sites/metalheads.com.br/images/logo/logo.png,https://metalheads.com.br/,Português,BR,5d04caad-a633-4279-9f24-3e72bd49f8ee
Venenos do Rock,Brasil • Português • Rock,Brazil,Rio Grande do Sul,"60's,70's,classic rock,obscure",https://stream.zeno.fm/dy417tqqmd0uv,,https://zeno.fm/venenosdorock/,Português,BR,a938dfe1-7a03-4ba0-99b2-fcf60910f5f5
Rádio Lost,Brasil • Português • Rock,Brazil,Santa Catarina,"pop,reggae,rock",http://srv1.uaihost.audio:7026/,,https://www.radiolost.com.br/,Português,BR,f4b8c669-cfb0-4399-a64d-baa26ebc392d
Rádio Ziggy - Blues Rock (MP3),Brasil • Português • Rock,Brazil,Minas Gerais,"blues rock,heavy metal",http://stream.zeno.fm/apph08p9hqzuv,https://i.ibb.co/KxjnmpNy/85131-v4.png,https://ziggywebradio.wixsite.com/radioziggy,Português,BR,32c450f7-c02d-4080-a1b6-f7d3292ae283
Aquele Rock,Brasil • Português • Rock,Brazil,São Paulo,Rock,https://azura.servercast.com.br/listen/radio_leandro/radio.mp3?refresh=1744219941974,https://www.aquelerock.com/wp-content/uploads/2023/01/cropped-cropped-fav-32x32.jpg,https://www.aquelerock.com/,Português,BR,d8361663-3d7e-425f-85af-b0370d41ce80
Kiss FM 92.5 São Paulo,Brasil • Português • Rock,Brazil,São Paulo,rock,https://26673.live.streamtheworld.com/RADIO_KISSFMAAC.aac?1655609055880,https://kissfm.com.br/wp-content/uploads/2024/05/KISSFMSP.svg,https://kissfm.com.br/,Português,BR,42318752-be8e-4cd6-9bc0-24c4721fdfcb
Radio Fox Rock,Brasil • Português • Rock,Brazil,Sorocaba - SP (Brazil),"classic rock,hard rock,rock nacional",http://09.stmip.net:8422/stream,"https://assets.zyrosite.com/cdn-cgi/image/format=auto,w=192,h=192,fit=crop,f=png/lmlCSC2fKUDUkNiK/logo-fox-87-7-fm-p5eve2j6xeu8b7ou3adhud11qrj8spjjyqnznyr600-YrD14kKjvxTVOVP3.png",https://radiofoxrock.com.br/,Português,BR,e0917d89-171e-4bee-9467-62293c582a7b
97 Rock Web Radio,Brasil • Português • Rock,Brazil,SP,"alternative,rock,rock-pop",http://euroticast5.euroti.com.br:8094/stream?1696889015855,,https://www.97rockwebradio.com/,Português,BR,9eb9764c-6cf0-46f0-9c12-fd4ad013197e
Rádio The Beatles (MP3),Brasil • Português • Rock,Brazil,Goiás,"1960s,1970s,classic rock,oldies,pop,the beatles",http://stream-155.zeno.fm/6gnr5yq68nhvv?zt=eyJhbGciOiJIUzI1NiJ9.eyJzdHJlYW0iOiI2Z25yNXlxNjhuaHZ2IiwiaG9zdCI6InN0cmVhbS0xNTUuemVuby5mbSIsInRtIjpmYWxzZSwicnR0bCI6NSwianRpIjoiajRZamxVVnVScmlXQUdhWGhqTTd6ZyIsImlhdCI6MTc2ODQ0ODYyMywiZXhwIjoxNzY4NDQ4NjgzfQ.k9lfUID-D8ORbPyQsGnUY3MLV94AHq3JCz1UGdoo5uA,https://i.ibb.co/zhyZZTxB/image.webp,https://www.xn--rdiothebeatles-vgb.br/,Português,BR,5dc7a91f-c5b9-49aa-9c49-dd6fe31fb776
Limeira FM,Brasil • Português • Rock,Brazil,São Paulo,rock,https://centova.svdns.com.br:20050/stream,,http://limeirafm.com.br/,Português,BR,0302802f-2125-4b88-9ff7-83755f1fdd82
Jovem Pan FM - Blumenau - SC,Brasil • Português • Rock,Brazil,Santa Catarina,"brazilian pop,contemporary hits radio,dance,electronic dance music,eurodance,jovem,pop,pop rock,top 40",https://f108.fabricahost.com.br/jpblumenau?f=1768464027N01KF0AQ438AT4MFMBHEV2NP5QH&tid=01KF0AQ438FRZFWMDPREG5YT3S,https://jpimg.com.br/uploads/2024/02/avatar-blumenau-rgb-500x500.png,https://jovempan.com.br/afiliada/blumenau-fm,Português,BR,a071f06e-e7a2-4379-b9c9-3ca331f1db48
Rádio Manawa,Brasil • Português • Rock,Brazil,,"eletrônica,mpb,rock",http://161.97.82.133:8000/radio.mp3,https://manawa.com.br/favicon.ico,https://manawa.com.br/,Português,BR,9ee4ffcd-ac7f-4c09-98bf-91ce92782498
Rádio AMC+,Brasil • Português • Rock,Brazil,,"anime,jpop,jrock",https://radioamc.com.br/stream/amcplus,https://radioamc.com.br/shared/amcpluslogo.png,https://radioamc.com.br/,Português,BR,938c6c51-3ad8-4fcf-a344-d40f932ba2a5
Sonora FM - Farroupilha,Brasil • Português • Rock,Brazil,Rio Grande do Sul,"adulta,pop-rock",https://casthttps1.suaradionanet.net/10318/stream,,https://www.radiosonorafm.com.br/,Português,BR,aa519ac4-be25-40af-a134-8233403674d5
Radio Amigos do Rock Nacional,Brasil • Português • Rock,Brazil,Sao Paulo (Brazil),Rock,https://stm10.voxhd.com.br:7846/,https://www.wix.com/favicon.ico,https://leonelapantonellij.wixsite.com/website-3,Português,BR,91f47e52-5346-44d7-b6f8-6dd9e8cda89c
Elite Studio FM,Brasil • Português • Rock,Brazil,Santa Catarina,"flashback,pop,pop-rock,rock",https://stream.zeno.fm/jjgtqyoqkpvuv,,https://www.elitestudiofm.com.br/,Português,BR,f34d64aa-b0a8-4551-b65f-9bbf4b765b9b
Jovem Pan Porto Alegre,Brasil • Português • Rock,Brazil,,"eletrônica,pop,rock",http://centova6.ciclanohost.com.br:9256/,https://firebasestorage.googleapis.com/v0/b/radiogalaxy-580f4.appspot.com/o/images%2FIMG_20230202_185333193.jpg?alt=media&token=15a4fdd0-fd97-4507-b2f2-584233d1f324,https://jovempan.com.br/afiliada/grandepoa-fm,Português,BR,64e61143-846c-40a9-be84-b54fb7aa9c6c
"Rockett 97,7",Brasil • Português • Rock,Brazil,Espírito Santo,rock,https://8817.brasilstream.com.br/stream?cc=1645359200316,,https://www.hfnews.com.br/,Português,BR,e6863ec0-9d04-4da3-97c2-db6cac2ed845
Rádio Amigos do Rock,Brasil • Português • Rock,Brazil,São Paulo (SP),Rock,https://stm25.srvaudio.com.br:11358/;,,https://radioamigosdorock.wixsite.com/radio-amigos-do-ro-1,Português,BR,e4ee83ed-ff4a-40fc-bd87-68b926aec4e8
Radio Alternativa do Fabio,Brasil • Português • Rock,Brazil,,"alternative,electronic",http://191.185.4.124:8000/radio.opus,,http://191.185.4.124:8000/,Português,BR,36b53859-94b3-41de-ae60-ebdfe2a835c8
Mundo Livre FM Maringá 102.5,Brasil • Português • Rock,Brazil,Paraná(Brazil),"alternative rock,indie rock,rock",https://playerservices.streamtheworld.com/api/livestream-redirect/MUNDOLIVRE_MGAAAC.aac,https://mundolivrefm.com.br/favicon.png,https://mundolivrefm.com.br/,Português,BR,cf4b3098-b6ff-4386-a8c6-b37b19b0b7ce
Geografia Rock 2,Brasil • Português • Rock,Brazil,,geografiarock,https://stream.zeno.fm/63kdg03m2uhvv,,https://geografiarockoficial.blogspot.com/,Português,BR,6cd6fca5-be59-4b90-9c84-c585832748f6
Rádio C Brasil,Brasil • Português • Rock,Brazil,,rock,https://stm5.painelcast.com:7578/stream,null,https://toligado.net.br/,Português,BR,957d2279-163b-4974-96c9-038499ec4886
Rádio Rapadura Rock Web,Brasil • Português • Rock,Brazil,Sao Paulo,rock,https://stm35.srvstm.com:6806/;?type=http&amp;nocache=1,https://www.rapadurarockweb.com.br/admin/assets/img/logo.png,https://www.rapadurarockweb.com.br/,Português,BR,ff7bafe9-cb5d-48a3-9913-dfe3bf3c1c2f
NuMetal 1.0 - JubsTones,Brasil • Português • Rock,Brazil,São Paulo,Rock,https://stream.zeno.fm/zg3ps1ckoeiuv,https://stream.zeno.fm/zg3ps1ckoeiuv,https://stream.zeno.fm/zg3ps1ckoeiuv,Português,BR,7c1cc836-6e47-4675-beb4-ee8ca29f04e0
"FM Cultura 107,7",Brasil • Português • Rock,Brazil,Rio Grande do Sul,"jazz,mpb,public radio,rock",https://streaming.procergs.com.br:8443/fmcultura/sfmcultura/chunklist_w644085663.m3u8,https://encrypted-tbn0.gstatic.com/images?q=tbn:ANd9GcSAuOppGJXgt2O89-F2g79LhdFjkIUz2DJzfh7I5LHDDniy8rnEDzicRTc&s=10,https://fmcultura.com.br/inicial,Português,BR,4ee36915-3e13-45d2-9b7a-cb6558350c34
Mundial Rock,Brasil • Português • Rock,Brazil,Sao Paulo (Brazil),Rock,https://azura.mundialmusic.net/radio/8010/radio.mp3,http://img.sedoparking.com/templates/logos/sedo_logo.png,http://www.mundialrock.net/,Português,BR,8ee67b0d-757c-4adc-83db-5ab5e26ba2b7
OverRock Radio,Brasil • Português • Rock,Brazil,,rock,http://streaming06.hstbr.net:8008/live,,https://overrock.mus.br/,Português,BR,f7ee9649-bff9-4b66-a7c8-2bdc8298971f
Z-top,Brasil • Português • Rock,Brazil,Minas Gerais,"chr,contemporary hits radio,dance,electronic dance music,eurodance,jovem,pop,pop rock,top 40",https://stream.zeno.fm/gzf0stmb2d0uv,https://cdn.onlineradiobox.com/img/l/2/95782.v7.png,https://radiorockfm.com.br/ztop,Português,BR,db9901ae-88a7-452a-a528-1f378dd817bf
Radio ZTOP,Brasil • Português • Rock,Brazil,Minas Gerais,"contemporary hits radio,dance,electronic dance music,eurodance,jovem,op,pop rock,top 40",https://stream.zeno.fm/bd0hmtmb2d0uv,https://images.zeno.fm/F19RKDqzPlicPWJRFtHsKsoDnxxlCIlPPZGOe78MIJc/rs:fit:170:170/g:ce:0:0/aHR0cHM6Ly9zdHJlYW0tdG9vbHMuemVub21lZGlhLmNvbS9jb250ZW50L3N0YXRpb25zL2FneHpmbnBsYm04dGMzUmhkSE55TWdzU0NrRjFkR2hEYkdsbGJuUVlnSURBdGZhcy1nb01DeElPVTNSaGRHbHZibEJ5YjJacGJHVVlnSURRdW9pQjVnZ01vZ0VFZW1WdWJ3L2ltYWdlLw.webp?u=Mon%20Jan%2001%2022:54:51%20UTC+0000%202024,https://radiorockfm.com.br/ztop,Português,BR,87086b06-203f-4e81-8479-c5d6b66901f8
Rádio Galegóvski,Brasil • Português • Rock,Brazil,Santa Catarina,"mpb,rock",https://radio.galegovski.com/live,https://galegovski.com/radiologo.png,https://radio.galegovski.com/,Português,BR,b1d09314-45ee-4c18-901a-32c8ab1313cf
Fronteira FM 97.1,Brasil • Português • Rock,Brazil,Rio Grande do Sul,"hits,pop,rock,sertanejo",https://sonicpanel.oficialserver.com/9992/stream,,https://radiofronteirafm.com.br/,Português,BR,6fa7d97e-5324-42d4-ba53-9ecf32d8c486
"Metropolitana FM 97,7 Maceió",Brasil • Português • Rock,Brazil,Alagoas,"pop rock popular,sertaneja",https://streaming.livespanel.com:8032/maceiofm,https://www.radios.com.br/aovivo/radio-metropolitana-977-fm/260824,https://maceiofm97-7.mobirisesite.com/,Português,BR,a41c5dcc-7cd8-44da-a071-d74a3ea01ce4
"Mix FM 98,3 Maceió",Brasil • Português • Rock,Brazil,Alagoas,"jovem,pop rock",https://virtues.live:8184/stream,https://www.radios.com.br/aovivo/radio-mix-983-fm/13177,http://98fmmaceio.com.br/,Português,BR,552e5477-0986-494e-af5c-33724580a1bd
Morena FM /Rio,Brasil • Português • Rock,Brazil,RJ,"adult contemporary,brazilian music,classic rock,pop,rock",https://centova5.transmissaodigital.com:20005/stream,,https://www.morenafmrio.com/,Português,BR,700ae020-2d60-452b-b1c5-1292f34ab4e4
MGT ROCK,Brasil • Português • Rock,Brazil,Brasil,"mgt,rock",https://cast.mgtradio.net/radio/8090/aac,https://www.mgtradio.net/images/ouvir-radio-online.png,https://www.mgtradio.net/,Português,BR,4bef46d6-118e-4c7a-9c35-b1f164097107
Venenos Psicodélicos,Brasil • Português • Rock,Brazil,Rio Grande do Sul,"60's,70's,psychedelic rock",https://stream.zeno.fm/c5bc53qc3k0uv,https://zeno.fm/favicon.ico,https://zeno.fm/venenospsicodelicos/,Português,BR,737269d6-fa3e-493c-a5cc-883df75a327e
Rádio Estação Pop,Brasil • Português • Rock,Brazil,MG,pop-rock,https://s46.maxcast.com.br:8026/live?1771884575757,https://img.radios.com.br/radio/lg/radio29801_1439401712.jpg,http://radioestacaopop.com/,Português,BR,ec754b3c-7ded-4bb3-8a3d-aaac4a24c4f4
Transamérica FM,Brasil • Português • Rock,Brazil,,rock,http://9595.brasilstream.com.br/stream,,,Português,BR,b57318a3-076e-4f26-81cf-09287b6fb147
Radio Amigos do Rock,Brasil • Português • Rock,Brazil,SP,Rock,http://stm25.srvaudio.com.br:11358/,https://www.wix.com/favicon.ico,https://leonelapantonellij.wixsite.com/website-2,Português,BR,c72c2a29-b42c-4aad-9317-9d5cd369c212
Jovem Fm,Brasil • Português • Rock,Brazil,Tocantins,"pop rock,popular",http://wz3.dnip.com.br/aycomau1/aycomau1.stream/playlist.m3u8,,http://redejovemfm.com.br/,Português,BR,48045353-18f1-11e8-9a35-52543be04c81
94 Live (Divinópolis - MG),Brasil • Português • Rock,Brazil,Minas Gerais,"hits,pop rock",https://94fm64aac.jmvstream.com/stream,https://ugc.production.linktr.ee/2QIV7DDhSoeAW2nYRLi2_ZPDNoICIM617u2RP?io=true&size=avatar-v3_0,https://linktr.ee/radio94live,Português,BR,48a71f65-ccf3-45b9-b350-8bee19aaad01
Antena 1 FM 91.3 MHz / Juiz de Fora - MG,Brasil • Português • Rock,Brazil,Minas Gerais,"soft adult contemporary,soft rock",https://stream02.ouveai.com.br:7017/stream,https://a1media.antena1.com.br/image/album/400x400/default-antena1.jpg,https://www.antena1.com.br/,Português,BR,fbc8a547-2764-4b35-a3cb-4b9ea2ffab1f
DinamicoFM,Brasil • Português • Rock,Brazil,Rio Grande do Sul,rock em geral,https://medicp.radiovinil.com.br:2020/stream/dinamicofm,,https://dinamicofm.com/,Português,BR,bab4080b-5584-4de5-b15c-ac04ba3ba0be
The Beatles - Discografia (MP3),Brasil • Português • Rock,Brazil,,"classic rock,the beatles",http://stream.zeno.fm/qrt8wcezvtvvv,https://i.ibb.co/zhYdkhsH/image-1.webp,https://www.thebeatlesdiscografia.br/,Português,BR,5ddb9a47-62cc-405e-9d74-836fd99a24cf
"Mundo Livre FM Londrina 93,1",Brasil • Português • Rock,Brazil,Parana,"londrina,rock",https://rrdns-continental.webnow.com.br/mllondrina.mp3,,https://mundolivrefm.com.br/,Português,BR,ae513bd4-a22e-4aec-85af-d06fcb4504fb
"Jovem pan 101,3 FM Maringá",Brasil • Português • Rock,Brazil,Parana,"jovem,pop rock",https://shout35.crossradio.com.br:18040/stream,https://www.radios.com.br/aovivo/radio-jovem-pan-1013-fm/8801,https://jovempan.com.br/afiliada/maringa-fm,Português,BR,f9008d87-9351-4a8f-9673-544b0ad1a039
Montiel Rock,Brasil • Português • Rock,Brazil,Rio Grande do Sul,"80s rock,aor,glam metal,hair metal,hard rock,heavy metal",https://radio.mntl.top/listen/montiel_rock/radio.mp3,https://azura.mntl.top/static/uploads/montiel_rock/album_art.1782413303.png,https://radio.mntl.top/,Português,BR,ed02a49b-11e2-4de3-b279-279529290257
União FM - Porto Alegre,Brasil • Português • Rock,Brazil,Rio Grande do Sul,"mpb,news,pop,rock",https://stream.ouveai.com.br/proxy/uniaonh?mp=/stream,https://www.uniaofm.com.br/wp-content/themes/radiouniaotheme/favicon/favicon-128.png,https://www.uniaofm.com.br/,Português,BR,8261610c-dc2d-4e8f-b7d1-efa43fe1e91e
Radio Maquina no Rock,Brasil • Português • Rock,Brazil,,rock,https://servidor20-4.brlogic.com:8582/live,,https://maquinarock.webradiosite.com/,Português,BR,f0bf6f91-1a6c-4bff-9739-0f578eede6f3
Rádio Music Hall,Brasil • Português • Rock,Brazil,São Paulo,"flashback,pop-rock",http://server02.ouvir.radio.br:8050/stream,https://img.radios.com.br/radio/lg/radio34072_1446728798.jpg,http://radios.gratis/,Português,BR,8ea74eba-22fb-420f-a669-d270d24be011
Punk FM Brasil,Brasil • Português • Rock,Brazil,Sao Paulo (Brazil),Rock,https://radio.punkfm.com.br/listen/punkfmbrasil/punkfmbrasil.mp3,https://punkfm.com.br/wp-content/uploads/PFM-logo-icon.png,https://punkfm.com.br/,Português,BR,03beadd2-ce1d-4949-bab4-0dcce1894412
Jovem Pan FM - Salvador - BA - 91.3,Brasil • Português • Rock,Brazil,Bahia,"contemporary hits radio,jovem,jovem pan,pop,pop rock,top 40","https://shout25.crossradio.com.br:18022/1,%20https://shout25.crossradio.com.br:18022/1",https://jpimg.com.br/uploads/2022/12/afiliadas-salvador-500x500.jpg,https://jovempan.com.br/afiliada/salvador-fm,Português,BR,1ffa43f3-40e6-4ca5-b42c-bbc9c5f0e708
Rádio I Love anos 80's,Brasil • Português • Rock,Brazil,Porto Alegre,"alternative rock,anos 80,romantic",https://shit-is-merda.stream.laut.fm/shit-is-merda,https://uploaddeimagens.com.br/images/004/753/770/thumb/apple-touch-icon.png,https://radioiloveanos80.blogspot.com/,Português,BR,d1f5394d-984f-4244-9461-da318d026dd8
Rádio Geografia Rock,Brasil • Português • Rock,Brazil,,classic rock,https://servidor20.brlogic.com:7354/live,https://public-rf-upload.minhawebradio.net/204992/mobileicon/e69ece1be41091c923d068b4f309176bx192.png,https://geografiarock.webradiosite.com/,Português,BR,86ad5721-4ea2-4f7b-8f24-e1bd8ffdb096
SomBR,Brasil • Português • Rock,Brazil,,"adult contemporary,bossa nova,dance,eclectic,eclectic programming,metal,mpb,rock",https://airadio.duckdns.org/listen/radio_sombr/radio,https://airadio.duckdns.org/static/uploads/radio_sombr/album_art.1781113785.webp,https://airadio.duckdns.org/,Português,BR,a5be9e80-bcd9-4ea1-bdd0-88b40bf8866e
Rádio Kboing 100.3 FM,Brasil • Português • Rock,Brazil,São Paulo,"adult,adulta,pop,pop rock",https://stream.knbcdn.com.br/kboing-fm/kbostream/playlist.m3u8,https://img.radios.com.br/radio/lg/radio29604_1653915617.jpg,https://www.kboingfm.com.br/,Português,BR,54866938-8bf3-456e-8a16-da5695124d72
Rádio Cidade - drop80,Brasil • Português • Rock,Brazil,Rio de Janeiro,rock,http://playerservices.streamtheworld.com/api/livestream-redirect/DROP80_S01AAC.aac,https://radiocidade.fm/player/img/drop-80.svg,https://radiocidade.fm/player/index.php,Português,BR,c94e44c8-6610-4f0a-8a19-ac15c334abad
Rádio Cidade - Stereo Zero,Brasil • Português • Rock,Brazil,Rio de Janeiro,rock,http://playerservices.streamtheworld.com/api/livestream-redirect/STEREOZERO_S01AAC.aac,https://radiocidade.fm/player/img/stereo-zero.svg,https://radiocidade.fm/player/index.php,Português,BR,be4f4e10-704a-40e2-af31-71a89b24175b
Rádio UFMG Educativa,Brasil • Português • Rock,Brazil,Minas Gerais,"brazilian music,college radio,mpb,rock,talk & speech,universitária",https://www3.ufmg.br/streamingradioaovivo/aovivo.mp3,,https://www.ufmg.br/comunicacao/radio-ufmg-educativa/,Português,BR,d0f8c797-2263-482f-8714-dfa16af48e30
Rádio Atlântida FM Florianópolis,Brasil • Português • Rock,Brazil,Santa Catarina,pop rock,https://27353.live.streamtheworld.com:443/ATL_FLO.mp3,,https://atlantidasc.com.br/,Português,BR,2776340d-7615-4c03-ab16-59a058c26c94
mexfm,Brasil • Português • Rock,Brazil,Sao Paulo (Brazil),"eclética,pop,rock",https://stm22.xcast.com.br:12658/stream.mp3,https://mexfm.com/assets/img/favicon.png,https://mexfm.com/,Português,BR,70ebe265-8b24-44d4-829f-696c8bfabc87
Rádio 96 FM,Brasil • Português • Rock,Brazil,Goias,"música pop,pop rock",https://cast4.hoost.com.br:20079/stream,,https://radio96fm.net/,Português,BR,19bfbc5e-6f8a-4fb1-9ac5-38005b3369c2
Jovem Pan FM - Osório,Brasil • Português • Rock,Brazil,Rio Grande do Sul,"electronic,pop rock",http://centova14.ciclanohost.com.br:8405/stream,https://s.jpimg.com.br/wp-content/themes/jovempan/assets/build/images/favicons/apple-touch-icon.png,https://jovempan.com.br/afiliada/osorio-fm,Português,BR,04b569c2-d729-4874-ad04-1341f43df03e
Sintoniza Rock,Brasil • Português • Rock,Brazil,,Rock,https://s04.maxcast.com.br:8930/autodj,,https://sintonizarock.com/,Português,BR,f917f555-045f-45ec-99cc-6f971834d886
RTL 91.7,Brasil • Português • Rock,Brazil,"Santos, Sao Paulo (Brazil)","classic rock,pop rock,rock",https://live.virtualcast.com.br/rtl,https://static.wixstatic.com/media/69fb21_d1075bfa67cb45b69ab22502435fa701%7emv2.png/v1/fill/w_180%2ch_180%2clg_1%2cusm_0.66_1.00_0.01/69fb21_d1075bfa67cb45b69ab22502435fa701%7emv2.png,https://www.aradiorock.com.br/,Português,BR,fb57772f-9cc9-4a67-a4d3-e189d2fd5b14
Morena FM 98,Brasil • Português • Rock,Brazil,Bahia,"blues,brazilian music,classic rock,pop,rock",https://ssl1.transmissaodigital.com:2692/stream,,https://www.morenafm.com/,Português,BR,0ed5a697-31d6-401b-bfa5-bb9d13156e24
Rádio Nove,Brasil • Português • Rock,Brazil,Minas Gerais,"brazilian,latin,mpb,rock",https://servidor22.brlogic.com:7050/live,https://public-rf-upload.minhawebradio.net/249787/editor/097c156d65e83ec9c1d9c039c0eec480.png,https://www.radionove.com.br/,Português,BR,cd32e3d2-2209-4180-8ef7-5b31f1ed34cf
Rádio UPF,Brasil • Português • Rock,Brazil,Rio Grande do Sul,"classic rock,rock",https://servidor38-2.brlogic.com:8134/live?source=app_pwa,https://www.upf.br/_uploads/de96ed99-0829-412c-b2ca-7d214255ef6b.png,https://radioupf.minhawebradio.net/app/index.html#/home,Português,BR,99124e93-00cb-40ad-a26f-eefb8263c178
Rádio Rock FM,Brasil • Português • Rock,Brazil,Minas Gerais,"alternative,alternative / indie,alternative rock,brazilian rock,modern rock,pop rock,rock",https://stream-159.zeno.fm/bd9p0p44puquv?zs=V_zU2Gc-TXGWa_BXm42cMA,https://pbs.twimg.com/media/ElF46QUXgAEtJk9?format=png&name=small,https://radiorockfm.com.br/,Português,BR,327d35f3-ddea-48bb-ba97-632d38c5890b
Terra FM 99.9 MHz ZYC730 (Belo Horizonte - MG),Brasil • Português • Rock,Brazil,Minas Gerais,"classic rock,rock",https://servidor28-2.brlogic.com:8424/live,https://public-rf-upload.minhawebradio.net/11542/mobileicon/efdb6a896e5ea1395fb0e87672d8471fx192.png,https://www.radioterrafm999.net/,Português,BR,8be73812-b293-41b3-9ce3-afe653d6df0c
"Jovem pan FM Curitiba 103,9",Brasil • Português • Rock,Brazil,Parana,"jovem,pop rock",https://f100.fabricahost.com.br/jpcuritiba?f=1781707014N01KVB0705NGYGVCWVT3PW4GE37&tid=01KVB0705NCA4ZWMVE2AHH52AB,https://www.radios.com.br/aovivo/radio-jovem-pan-1039-fm/13401,https://jovempan.com.br/afiliada/curitiba-fm,Português,BR,66cb7295-1596-43b4-8983-90a3afce42f2
Rádio Yard Sounds,Brasil • Português • Rock,Brazil,Rio Grande do Sul,"reggae,rock",https://hts10.brascast.com:7966/live,https://yardsounds.com.br,https://yardsounds.com.br/,Português,BR,cc068951-5c09-4828-8b1f-447e83906fb5
"POP 95,1",Brasil • Português • Rock,Brazil,"Montes Claros, MG, Brazil","pop,pop/rock",https://servidor39.brlogic.com:8152/live,https://www.pop95fm.com.br/wp-content/uploads/2021/04/cropped-favpop-180x180.png,http://www.pop95fm.com.br/,Português,BR,fadc35b7-0b1f-4238-ac53-25614edec241
"Rádio Cidade 94,7",Brasil • Português • Rock,Brazil,São Paulo,"country,local news,news,pagode,pop rock,samba,sports",https://sv13.hdradios.net:8084/stream,,https://www.cidade94.com.br/,Português,BR,e43271d1-9f68-4a56-a4e7-e7062819eec1
Biz WebRadio,Brasil • Português • Rock,Brazil,São Paulo,"dance,edm,hits,pop,rock,top 40",https://icecast.bizwebradio.com/listen/biz/radio.aac,https://www.bizwebradio.com/wp-content/uploads/2020/09/base_logo_white_background.png,https://www.bizwebradio.com/,Português,BR,c1bc441f-576d-4a7a-8de8-b3d91a6dc774
Rádio Unifev,Brasil • Português • Rock,Brazil,São Paulo,"classic hits,local news,news,pop music,rock,samba pagode",https://servidor17-4.brlogic.com:7618/live?source=7250,,https://www.unifev.edu.br/tvunifev/,Português,BR,75565187-dcf6-41a7-ac25-fdde21062afc
Froes Rock,Brasil • Português • Rock,Brazil,,Rock,https://sv10.hdradios.net:25198/stream,https://pbs.twimg.com/profile_images/1433466017511059468/mvwBTZyV_400x400.jpg,https://froess9.wixsite.com/froesrock,Português,BR,4ea223c0-631b-47d7-a1a8-8132fa3e7e95
Rádio Fox Rock,Brasil • Português • Rock,Brazil,São Paulo,"classic rock,music,rock",https://brapostreaming.com.br/radio/8000/radio.mp3,https://radiofoxrock.com.br/wp-content/uploads/2021/04/cropped-favicon_google-180x180.png,https://radiofoxrock.com.br/,Português,BR,665415ec-48bf-4e67-b21c-15299f9a3ed1
Rádio RNP,Brasil • Português • Rock,Brazil,Paraná,"alternative rock,classic rock,curitiba,metal,new music,rock",https://hts02.brascast.com:11442/stream,https://img.radios.com.br/radio/lg/radio243062_1713273568.jpg,https://rocknopinheiro.com.br/,Português,BR,763ee8a1-b002-4f5c-a9d4-2d3db4d01cef
Rádio Maresia,Brasil • Português • Rock,Brazil,Parana,"adult contemporary,flashback,pop,pop rock,rock",https://s1.tgastream.com.br:7870/stream,https://maresiaradio.com.br/img/programas/d74ea8e7ebbad5a12fa3bc635688b8c8.jpg,https://maresiaradio.com.br/,Português,BR,d4445575-3268-4120-a823-122097b1de17
Rádio Ziggy - The Beatles (MP3),Brasil • Português • Rock,Brazil,Minas Gerais,"classic rock,the beatles",http://stream.zeno.fm/18sv42teknzuv,https://i.ibb.co/Y7XQnynd/85123-v7.png,https://ziggywebradio.wixsite.com/radioziggy,Português,BR,2184ccd3-cf03-49c2-96cc-748f422fe9a6
"Morena FM 107,1 FM - Campo Grande",Brasil • Português • Rock,Brazil,Mato Grosso do Sul,"classic rock,rock",http://centova.svdns.com.br:25518/stream,https://www.morenafm.com.br/imagens/logo.png,https://www.morenafm.com.br/,Português,BR,eca86762-c8e0-4f42-baeb-13ec0e38aa69
Rádio Atlântida 93.3 FM,Brasil • Português • Rock,Brazil,Rio Grande do Sul,"jovem,jungle,pop rock",https://liverdatlsc.rbsdirect.com.br/primary/atl_scr.sdp/playlist.m3u8,,http://www.clicrbs.com.br/especial/rs/atlantida-fm/,Português,BR,786a5387-e402-40cb-8e54-7c6ba33e50f6
Rio Sul Radio,Brasil • Português • Rock,Brazil,Rio de Janeiro,"adult,adult contemporary,pop rock",https://stream.riosulradio.com/,https://riosulradio.com/assets/img/logo.png,https://riosulradio.com/,Português,BR,d7bda278-d367-415e-959b-72c53e011b4c
Rádio Studio Souto - The Beatles (AAC+),Brasil • Português • Rock,Brazil,Goiás,"alternative rock,classic rock,rock,the beatles",https://centova5.transmissaodigital.com:20001/;,https://i.ibb.co/d0rps2bk/279586968-2291494730988635-8074650480271811715-n.jpg,https://studiosouto.com/,Português,BR,d2f8cb21-1530-42ea-b7be-880e0d2e1904
Novos Horizontes FM,Brasil • Português • Rock,Brazil,Rio Grande do Sul,"pop,regional,rock",https://paineldj5.com.br:20013/stream,https://www.novoshorizontesfm.com/favicon.ico,https://www.novoshorizontesfm.com/,Português,BR,04a6848d-12b5-45cc-a181-8855780d5ddb
Rádio Ouro Verde FM 105.5,Brasil • Português • Rock,Brazil,Parana,"brasil,brazilian music,classic hits,curitiba,ouro verde,ouro verde curitiba,ouro verde fm,ouro verde fm 105.5,paraná,pop,pop rock",http://servidor18.brlogic.com:7484/live,https://ouroverdefm.com.br/wp-content/uploads/2022/11/favicon-150x150.png,https://www.ouroverdefm.com.br/,Português,BR,5b82bf3d-4ca9-4d03-9f3b-60fed0a9d258
"Jovem pan 103,1 FM Caruaru",Brasil • Português • Rock,Brazil,Pernambuco,"jovem,pop rock",https://cast4.audiostream.com.br:20003/jp101,https://www.radios.com.br/aovivo/radio-jovem-pan-1013-fm/24305,https://jovempan.com.br/afiliada/caruaru-fm,Português,BR,8abb513c-baf3-40b6-bb56-dd824ee71ee7
"Jovem pan 104,1 FM",Brasil • Português • Rock,Brazil,Manaus,"jovem,pop rock",https://shout25.crossradio.com.br:18022/stream,https://www.radios.com.br/aovivo/radio-jovem-pan-1041-fm/13348,http://manaus.jovempanfm.com.br/,Português,BR,ce21de6e-7435-400a-a449-23c1aaf5f91a
Rádio HT,Brasil • Português • Rock,Brazil,Rio Grande do Sul,"classic rock,futebol,local news,rock",https://servidor39.brlogic.com:8624/live,https://public-rf-upload.minhawebradio.net/31396/mobileicon/7994a58d1b846c51a81981fbaf980e91x192.png,https://radioht.com.br/,Português,BR,25bea8ca-2f20-4c87-aae3-df6cb527cad0
Mix FM - Porto Alegre,Brasil • Português • Rock,Brazil,Rio Grande do Sul,"jovem,pop-rock",https://playerservices.streamtheworld.com/api/livestream-redirect/MIXFM_POAAAC.aac,,http://www.mixfmpoa.com.br/,Português,BR,59b79175-8524-45ad-ba89-bb6c16d7e2c0
WEB RADIO NO MUNDO DO ROCK,Brasil • Português • Rock,Brazil,,Rock,https://servidor34-1.brlogic.com:8014/live?source=website,https://public-rf-upload.minhawebradio.net/1949/logo/36cb5c29d6db9db77f6e496c3966ed8e.jpeg,https://nomundodorock.com/,Português,BR,872243e7-8c5e-47f8-a61c-7fe733ba35b3
Conecta FM - Marília,Brasil • Português • Rock,Brazil,Sao Paulo (Brazil),"80s,90s,alternative,classic hits,dance,electronic,folk,indie,jazz,lounge,mpb,new wave,pop,pop rock,r&b,rock,soul",https://paineldj.com.br:20184/stream,https://fmconecta.com.br/icon.png,https://fmconecta.com.br/,Português,BR,0701f59f-69da-43c1-9ef2-3152eee11619
"Jovem pan 91,3 FM",Brasil • Português • Rock,Brazil,Bahia,"jovem,pop rock",https://e-spo-101.fabricahost.com.br/jpsalvador?f=1781720454N01KVBD156X2QB7Q3HVYGECQMZ5&tid=01KVBD156XN96YD5591R27V2R9,https://www.radios.com.br/aovivo/radio-jovem-pan-913-fm/11272,https://jovempan.com.br/afiliada/salvador-fm,Português,BR,d29d93f1-62c8-47b2-9dc5-1b027cd2eeec
TOP POP WEB RÁDIO - A Estação Das Melhores Músicas,Brasil • Português • Rock,Brazil,Goias,"dance,pop,remix,rock",http://usa3.fastcast4u.com:1932/stream?type=http&nocache=4,https://img.radios.com.br/radio/xl/radio289132_1782481286.png,https://start.me/p/8yYJPB/top-pop-web-rdio,Português,BR,19080a63-c279-436f-b2c2-b2062143b31f
Rádio LAM,Brasil • Português • Rock,Brazil,Rio de Janeiro,"alternative rock,blues,brazilian rock,classic rock,rock",https://stream1.svrdedicado.org/8028/stream,https://static.wixstatic.com/media/a50a7a_81465ac4da92440e8e9dbca4534a3a02~mv2.png,https://www.radiolam.com.br/,Português,BR,637c36d6-7c28-4184-8340-f569700c2d28
Indie 98,Brasil • Português • Rock,Brazil,Sorocaba,alternative / indie,http://indie.dyndns.tv:34100/indie98,http://indie98.mine.nu/favicon.ico,http://indie98.mine.nu/,Português,BR,daa66033-d260-4369-a67e-ec52ae87acf5
Rádio Elétrica,Brasil • Português • Rock,Brazil,,rock,http://servidor26.brlogic.com:8040/live,,http://servidor26.brlogic.com:8040/live,Português,BR,a0de72f1-dbbf-4d98-a313-ab221d5c1a75
TOP-POP WEB RÁDIO - JD33 ONE PRODUTION,Brasil • Português • Rock,Brazil,Goias,"dance,pop,remix,rock",https://usa3.fastcast4u.com/proxy/jd33corp/stream,https://img.radios.com.br/radio/xl/radio289132_1782481286.png,https://start.me/p/8yYJPB/top-pop-web-rdio,Português,BR,96f3d845-aa25-4ebe-a1be-08dfe0972337
Rádio Mundo Rock,Brasil • Português • Rock,Brazil,,Rock,https://servidor32-2.brlogic.com:7320/live?source=website,https://public-rf-upload.minhawebradio.net/161648/cover/1b01a8dd82b5d2d33e7c97c77ec0e8a3.png,https://radiomundorock.com/,Português,BR,c1e83ac9-d8d8-4fe7-a16b-dea1d5996245
Rádio Amigos do Rock Nacional,Brasil • Português • Rock,Brazil,São Paulo,rock nacional,http://stm1.uniservstm.stream:6724/,,https://radioamigosdorocknacional.dechost.com.br/,Português,BR,ab1c4b89-2682-4b21-8a9d-51b809a4224c
Rádio 104 FM Natal RN,Brasil • Português • Rock,Brazil,Rio Grande do Norte,"mpb,pop music,pop rock",https://radios.braviahost.com.br:8000/radio.mp3?1732983388728,https://img.radios.com.br/radio/lg/radio42_1439400388.jpg,https://www.radios.com.br/aovivo/radio-104-fm/42,Português,BR,f8dad9f0-2871-4edb-a9f8-1fbb8f6c02bd
"UniFM 94,5https://radiounifm.com.br/",Brasil • Português • Rock,Brazil,Curitiba,"pop,rock,university",https://funpar.jmvstream.com/stream,,https://radiounifm.com.br/,Português,BR,98d49d8d-9bff-473b-bf2e-ba7e3a16781f
Fofinho Rock Club,Brasil • Português • Rock,Brazil,,Rock,http://foreverinrock.radioca.st:9560/stream,,https://fofinhorockclub.com.br/,Português,BR,1aa0ed1f-65d2-4f88-9c50-c5aa9e880e00
No Mundo do Rock,Brasil • Português • Rock,Brazil,,Rock,https://servidor34-1.brlogic.com:8014/live,,https://nomundodorock.com/,Português,BR,68d9bc8d-3014-4d93-8ed0-c2411e67d975
Rádioweb Cult 22,Brasil • Português • Rock,Brazil,Distrito Federal,"alternative rock,classic rock,rock",https://s24.maxcast.com.br:8168/live?id=1622747293019,https://external-content.duckduckgo.com/iu/?u=http%3A%2F%2Fwww.cult22.com%2Fblog%2Fwp-content%2Fuploads%2F2019%2F04%2FR%25C3%25A1dio-Cult-22.jpg&f=1&ipt=e5c7a39b0395fe61d668f70d97ef580dd126ddd7777b863604927ffc6113335f,https://www.cult22.com/blog/,Português,BR,ada8b5ce-f118-4815-a5dd-ecbd47e13427
RÁDIO PLACE FM,Brasil • Português • Rock,Brazil,"Piauí ,Teresina","dance,pop,pop rock,top hits",https://stm27.xcast.com.br:8072/,,https://www.placefm.com.br/,Português,BR,a225aaf2-db3c-40ab-aced-41a1aab34349
Rádio AMC,Brasil • Português • Rock,Brazil,,"anime,jpop,jrock",https://radioamc.com.br/stream/amc,https://radioamc.com.br/shared/amclogo.png,https://radioamc.com.br/,Português,BR,82d1022c-cfb2-4738-ab11-0543fb6e1fce
Hard Rock Radio FM,Estados Unidos • English • Rock,The United States Of America,NY,"80's,90's,hard rock,heavy metal",http://67.249.184.45:8015/,,https://hardrockradiofm.weebly.com/,English,US,9afeaf65-bb57-4d76-892d-c7a39fc6c805
Hard Rock Heaven,Estados Unidos • English • Rock,The United States Of America,Kansas,"80s,glam metal,hair metal,hard rock,heavy metal,overland park",http://hydra.cdnstream.com/1521_128,,http://hrhradio.com/,English,US,96336b01-0601-11e8-ae97-52543be04c81
Nostalgie New York,Estados Unidos • English • Rock,The United States Of America,New York,"60s,70s,80s,90s,classic hits,classic rock,disco,music,nostalgie,pop,rock and roll,smooth jazz,world music,worlds best classic hits",http://c32.radioboss.fm:8139/stream,https://demigod-assets.sgp1.cdn.digitaloceanspaces.com/landingpages/fatcai/faviconcai.webp,https://nstlgy.com/,English,US,88740aa4-085b-4158-a863-6d92d2129daa
Big R Radio - 80s Metal FM,Estados Unidos • English • Rock,The United States Of America,Washington,"80s,aor,glam metal,hair metal,hard rock,heavy metal,metal",http://bigrradio.cdnstream1.com/5186_128,http://www.bigrradio.com/image/favicon/apple-touch-icon.png,http://www.bigrradio.com/,English,US,96274cbb-0601-11e8-ae97-52543be04c81
SomaFM Indie Pop Rocks! (128k AAC),Estados Unidos • English • Rock,The United States Of America,California,"indie,indie pop,indie rock",https://ice6.somafm.com/indiepop-128-aac,https://somafm.com/img3/indiepop-400.jpg,https://somafm.com/indiepop/,English,US,96394224-0601-11e8-ae97-52543be04c81
Rockabilly-radio.net,Estados Unidos • English • Rock,The United States Of America,,rockabilly,http://lin3.ash.fast-serv.com:6026/stream_96,,http://rockabilly-radio.net/,English,US,204b0d57-2c17-11e8-91bf-52543be04c81
Radio Paradise Mellow Mix 320k AAC,Estados Unidos • English • Rock,The United States Of America,California,"california,alternative,eclectic,mellow,free,internet,non-commercial",http://stream.radioparadise.com/mellow-320,https://radioparadise.com/apple-touch-icon.png,https://radioparadise.com/,English,US,d88c0d24-adb2-11e9-88f4-52543be04c81
Radio Paradise Rock Mix 320k AAC,Estados Unidos • English • Rock,The United States Of America,,"california,alternative,eclectic,rock,free,internet,non-commercial",http://stream.radioparadise.com/rock-320,https://radioparadise.com/apple-touch-icon.png,https://radioparadise.com/,English,US,5681d06a-f5af-11e9-bbf2-52543be04c81
ROCK FM Classic Rock,Estados Unidos • English • Rock,The United States Of America,,"hard rock,metal,rock",https://audiotainment-sw.streamabc.net/atsw-classicrock-mp3-128-2538548?,http://www.my-radios.com/favicon.ico,http://www.my-radios.com/es/radio/escuchar/30420/ROCK-FM-CLASSIC-ROCK,English,US,dc7e3511-79b2-41f5-8b1f-a6e8098fcda4
Soft Classic Rock Radio,Estados Unidos • English • Rock,The United States Of America,,"classic rock,soft rock",http://64.71.133.122:8000/;,https://cdn-radiotime-logos.tunein.com/s106474q.png,http://softclassicrock.com/,English,US,964071af-0601-11e8-ae97-52543be04c81
SomaFM Heavyweight Reggae (256k MP3),Estados Unidos • English • Rock,The United States Of America,,"reggae,rocksteady,roots reggae,ska",https://ice6.somafm.com/reggae-256-mp3,https://somafm.com/img3/reggae400.jpg,https://somafm.com/reggae/,English,US,701106b9-59e3-11ea-be63-52543be04c81
HD Radio - Classic Rock (USA) 128k mp3,Estados Unidos • English • Rock,The United States Of America,,classic rock,http://hdradioclassicrock-rfritschka.radioca.st/;,https://www.hd-radio.net/favicon.ico,https://www.hd-radio.net/,English,US,7c5041a5-5572-4973-8625-b8c3cc179a94
SomaFM Left Coast 70s (320k MP3),Estados Unidos • English • Rock,The United States Of America,California,"easy listening,mellow album rock,rock,yacht rock",https://ice5.somafm.com/seventies-320-mp3,https://somafm.com/img3/seventies400.jpg,https://somafm.com/seventies/,English,US,961e37ee-0601-11e8-ae97-52543be04c81
metal rock radio,Estados Unidos • English • Rock,The United States Of America,,"classic rock,metal,rock",https://kathy.torontocast.com:2800/;,,http://www.metalrock.fm/,English,US,ceb6b3af-3bfb-4135-bace-9fa6fac9e8ac
iHeart Radio Café,Estados Unidos • English • Rock,The United States Of America,,"70s,80s,classic rock,mellow album rock",http://stream.revma.ihrhls.com/zc6951/hls.m3u8,,https://www.iheart.com/live/iheartradio-cafe-6951/,English,US,52e142ff-1137-422a-b97e-75e27880abff
Classic Hits 109,Estados Unidos • English • Rock,The United States Of America,,"70s,80s,90s,classic hits,disco,pop,rock",https://broadcast.classichits109.com/70s-90s,https://cdn-profiles.tunein.com/s297004/images/logog.png,https://www.classichits109.com/,English,US,34135e58-c4b4-4aaa-89b3-c42254ba7307
Radio Paradise Mellow Mix FLAC,Estados Unidos • English • Rock,The United States Of America,California,"california,alternative,eclectic,mellow,free,internet,non-commercial",https://stream.radioparadise.com/mellow-flac,https://radioparadise.com/apple-touch-icon.png,https://radioparadise.com/,English,US,02f3876d-ee77-449b-bae4-6cbb335d414b
Nu Metal Radio,Estados Unidos • English • Rock,The United States Of America,,"hard rock,metal,nu metal",http://stream.revma.ihrhls.com/zc9483/hls.m3u8,https://i.iheart.com/v3/re/new_assets/62bb1e3ff5da69e05bc6e121,https://www.iheart.com/live/nu-metal-radio-9483/,English,US,0de271e3-7a23-4641-9b91-c93dffeede41
"KEXP 90.3 Seattle, WA",Estados Unidos • English • Rock,The United States Of America,Washington,"alternative rock,indie,live,public radio,seattle,variety",http://live-mp3-128.kexp.org/kexp128.mp3,http://www.kexp.org/static/assets/img/favicon-32x32.png,http://www.kexp.org/,English,US,6a7508a9-27ab-11e8-91bf-52543be04c81
181.FM - Kickin' Country,Estados Unidos • English • Rock,The United States Of America,Virginia,"country,pop,rock,waynesboro",http://listen.181fm.com/181-kickincountry_128k.mp3,,http://www.181.fm/,English,US,960d4bdc-0601-11e8-ae97-52543be04c81
St Louis Classic Rock,Estados Unidos • English • Rock,The United States Of America,Missouri,"60s,70er,classic rock,rock",http://74.208.89.18:8000/SLCR_highdef.mp3;,http://stlouisclassicrock.com/favicon.ico,http://stlouisclassicrock.com/,English,US,20c223c9-f287-11e8-a471-52543be04c81
181.FM - 80's HairBand,Estados Unidos • English • Rock,The United States Of America,Virginia,"80s,hair metal,metal,waynesboro",http://listen.181fm.com/181-hairband_128k.mp3,http://www.181.fm/favicon.ico,http://www.181.fm/,English,US,9637d635-0601-11e8-ae97-52543be04c81
Radio Paradise Rock Mix FLAC,Estados Unidos • English • Rock,The United States Of America,California,"california,alternative,eclectic,rock,free,internet,non-commercial",https://stream.radioparadise.com/rock-flac,https://radioparadise.com/apple-touch-icon.png,https://radioparadise.com/,English,US,786d2939-00eb-479d-b3f0-f0f7673ea7e0
181.FM - Beatles,Estados Unidos • English • Rock,The United States Of America,Virginia,"beat,oldies,pop,rock,waynesboro",http://listen.181fm.com/181-beatles_128k.mp3,http://www.181.fm/images/playerlanding/181.FM.jpg,http://www.181.fm/,English,US,960be1b7-0601-11e8-ae97-52543be04c81
1980s.FM,Estados Unidos • English • Rock,The United States Of America,Virginia,"80s,classic hits,classic rock,richmond",http://hi5.1980s.fm/;stream.mp3,,http://1980s.fm/,English,US,962d9407-0601-11e8-ae97-52543be04c81
181.FM - 90's Alternative,Estados Unidos • English • Rock,The United States Of America,Virginia,"90s,alternative,waynesboro",http://listen.181fm.com/181-90salt_128k.mp3,http://www.181.fm/favicon.ico,http://www.181.fm/,English,US,9638a4fb-0601-11e8-ae97-52543be04c81
Non-Stop Oldies,Estados Unidos • English • Rock,The United States Of America,Los Angeles CA,"70's,decades,motown,oldies,oldies 50's/60's,soul & great rock n' roll",https://ais-sa2.cdnstream1.com/2383_128.mp3,"https://static.wixstatic.com/media/00a61a_a29da417d9ce44d18dc83e35a30c2f43.png/v1/crop/x_24,y_30,w_555,h_544/fill/w_136,h_133,al_c,q_85,usm_0.66_1.00_0.01,enc_auto/00a61a_a29da417d9ce44d18dc83e35a30c2f43.png",http://www.nonstopoldies.com/,English,US,0653bfab-cb60-44e9-9511-d89b993c48f9
Radio Paradise Rock Mix FLAC+meta,Estados Unidos • English • Rock,The United States Of America,California,"california,alternative,eclectic,rock,free,internet,non-commercial",http://stream.radioparadise.com/rock-flacm,https://radioparadise.com/apple-touch-icon.png,https://radioparadise.com/,English,US,dcee5c2b-0e47-4538-9369-b43b52a34dd0
Yggdrasil Radio,Estados Unidos • English • Rock,The United States Of America,Minnesota,"anime,jpop,jrock,kpop",http://radio.shirayuki.org:9200/,https://yggdrasilradio.com/images/default-album-art.webp,https://yggdrasilradio.com/,English,US,22979789-2910-4f02-a352-d0b50072c0e6
Classic Rock 109,Estados Unidos • English • Rock,The United States Of America,,Rock,https://jenny.torontocast.com:2000/stream/ClassicRock109,,http://www.classicrock109.com/site/index.html,English,US,073c45b3-3f5a-451b-a93b-867fc250b6c2
181.FM - The Eagle (Classic),Estados Unidos • English • Rock,The United States Of America,Virginia,"classic rock,waynesboro",http://listen.181fm.com/181-eagle_128k.mp3,http://www.181.fm/favicon.ico,http://www.181.fm/,English,US,96187609-0601-11e8-ae97-52543be04c81
Death.FM,Estados Unidos • English • Rock,The United States Of America,Virginia,"black metal,death metal,richmond",http://hi5.death.fm/;stream.mp3,,http://death.fm/,English,US,962ea5cc-0601-11e8-ae97-52543be04c81
Retro Album Rock,Estados Unidos • English • Rock,The United States Of America,,"1960s,1970s,1980s,60s,70s,80s,album rock,classic rock,eclectic,free form,obscure,oldies,one hit wonders,progressive rock,retro",http://ais-edge104-live365-dal02.cdnstream.com/a89824,https://media.live365.com/download/402cfd47-e16c-4042-b3f7-e026ef5e1356.jpg,https://retroalbumrock.com/,English,US,8dd8f884-2db0-4008-9564-8a6b93f0379a
"WKCR 89.9 Columbia University - New York, NY",Estados Unidos • English • Rock,The United States Of America,New York,"alternative,art music,jazz,new york city,spoken art",http://wkcr.streamguys1.com/live,,https://www.cc-seas.columbia.edu/wkcr/,English,US,9629ca98-0601-11e8-ae97-52543be04c81
80s Drive,Estados Unidos • English • Rock,The United States Of America,Detroit,"#80s,1980,1980s,80,80's,80er,80s,80s live radio,80s radio,80s rock,80s soft rock,album tracks,classic hits,decades,eighties,golden oldies,goldies,hot adult contemporary,livestream,oldies,retro",https://samcloud.spacial.com/api/listen?sid=111415&m=sc&rid=293634&t=ssl?&80sradio128mp3stereo44,https://static2.mytuner.mobi/media/tvos_radios/s39agjsfxs3v.png,https://mytuner-radio.com/radio/80s-drive-479732/,English,US,49ad5236-61ab-4c07-b4b6-a8da11bffe83
101.1 WJRR Orlando's Rock Station,Estados Unidos • English • Rock,The United States Of America,Florida,"alternative,rock",https://stream.revma.ihrhls.com/zc593/66_1jz3gmo0magf802/playlist.m3u8,"https://i.iheart.com/v3/re/assets.brands/60b94ac645cd16d845d5e5a3?ops=gravity(%22center%22),contain(300,300)&quality=80",https://wjrr.iheart.com/,English,US,33b077ec-58a0-4858-9232-0cf643097113
